1 13430.000128 6491.500032 160.0 138.999808
1 13645.499904 6516.499968 69.000192 44.9999872
1 13321.5000064 6309.000192 19.0000128 65.999872
1 13448.999936 6377.999872 41.9999744 38.0000256
1 13482.500096 6454.49984 48.9999872 51.0000128
1 13621.000192 6475.500032 44.0 35.0000128
1 13494.49984 6370.500096 245.000192 63.000064
1 13789.499904 6159.0000128 69.000192 30.0000256
1 13316.49999872 6153.9999744 8.9999872 20.0
1 13680.500224 6363.500032 19.0000128 16.9999872
1 13446.000128 6646.49984 38.0000256 19.0000128
1 13318.0000256 6188.0 12.0 40.0
1 13516.000256 6175.4999808 80.0 63.000064
1 13531.500032 6475.500032 39.0000128 36.9999872
1 13358.0000256 6433.50016 60.000256 79.000064
1 13712.0 6478.49984 24.0 23.0000128
1 13400.500224 6384.0 44.9999872 36.0
1 13672.500224 6156.5000192 31.0000128 24.9999872
1 13681.50016 6390.000128 31.0000128 28.0
1 13423.499776 6449.50016 58.999808 51.0000128
1 13568.0 6627.999744 41.9999744 51.999744
1 13701.000192 6349.499904 22.0000256 23.0000128
0 1500.000256 9856.999936 72.0 256.0
5 1352.500224 9965.499904 19.0000128 16.9999872
1 1432.999936 10182.000128 17.9999744 16.0
1 8413.499904 6355.500032 28.9999872 58.999808
1 8517.000192 6418.500096 81.999872 55.000064
1 9311.000064 11766.000128 51.999744 20.0
1 9168.0 9455.000064 20.0 22.0000256
1 8946.999808 9318.000128 60.000256 46.0000256
1 9102.000128 9335.000064 30.0000256 32.0
1 9158.000128 9224.5000192 25.9999744 16.9999872
1 9133.000192 9225.5000064 64.0 19.0000128
1 8961.50016 9237.5000064 47.0000128 40.9999872
1 9207.000064 9425.999872 17.9999744 20.0
1 9205.499904 9321.999872 20.9999872 30.0000256
1 9139.999744 9343.000064 36.0 33.9999744
5 9114.500096 9399.499776 24.9999872 23.0000128
1 9144.500224 9373.000192 19.0000128 20.0
1 9207.000064 9226.4999936 16.0 16.9999872
1 9184.999936 9226.4999936 17.9999744 16.9999872
0 9045.499904 9632.999936 335.000064 188.000256
1 14888.9999872 6159.4999808 80.0 31.0000128
1 15023.000064 6153.5000064 28.0 19.0000128
1 14930.999808 6238.49984 70.000128 35.0000128
3 15137.999872 6175.0000128 131.999744 62.000128
1 14990.000128 6481.999872 67.999744 41.9999744
1 14861.5000064 6483.500032 27.0000128 40.9999872
1 5031.000064 12442.500096 112.0 69.000192
1 4804.499968 12793.999872 20.9999872 12.0
1 5042.999808 12342.49984 54.000128 40.9999872
1 5059.999744 12360.999936 97.999872 81.999872
1 5071.000064 12524.499968 30.0000256 23.0000128
1 5113.50016 12780.000256 12.9999872 36.0
1 5000.999936 12502.49984 25.9999744 20.9999872
1 5000.500224 12449.999872 55.000064 56.0
1 5045.499904 12624.500224 39.0000128 27.0000128
1 5057.999872 12437.499904 56.0 53.000192
1 4952.999936 12791.000064 30.0000256 17.9999744
1 5100.000256 12514.500096 22.0000256 19.0000128
1 5086.49984 12610.999808 27.0000128 33.9999744
1 5044.499968 12597.000192 19.0000128 17.9999744
1 5112.0 12614.000128 16.0 17.9999744
1 4855.000064 12788.499968 40.0 23.0000128
1 5012.499968 12525.499904 28.9999872 27.0000128
1 2719.000064 2761.50016 14.0000256 15.0000128
1 3007.499776 2854.000128 35.0000128 48.0
1 2752.0 2983.499776 20.0 12.9999872
1 2842.999808 2760.500224 51.999744 61.000192
1 2682.999808 2937.999872 64.0 60.000256
1 2739.999744 3038.000128 17.9999744 16.0
1 2712.0 2849.999872 16.0 14.0000256
1 2716.499968 2738.500096 8.9999872 11.0000128
1 2705.999872 2730.999808 17.9999744 16.0
1 2680.0 2995.500032 17.9999744 16.9999872
1 2638.000128 2744.0 24.0 20.0
1 2726.49984 2916.499968 15.0000128 12.9999872
1 2672.0 2731.500032 22.0000256 20.9999872
1 2736.999936 2811.500032 32.0 27.0000128
1 2723.999744 2929.999872 16.0 14.0000256
1 2728.500224 2739.500032 15.0000128 15.0000128
1 2706.999808 2712.999936 16.0 14.0000256
1 2749.499904 2931.500032 16.9999872 16.9999872
1 2753.50016 2967.499776 19.0000128 19.0000128
1 2726.49984 2724.499968 15.0000128 15.0000128
1 3011.500032 3013.000192 39.0000128 38.0000256
1 2741.499904 2776.500224 16.9999872 16.9999872
1 9919.000064 7125.000192 121.999872 81.999872
1 9805.000192 7136.999936 32.0 30.0000256
1 12089.50016 5100.499968 74.999808 39.0000128
1 12040.500224 5110.000128 16.9999872 16.0
3 11819.4999808 5023.499776 85.000192 159.000064
1 6766.49984 5569.50016 15.0000128 15.0000128
1 6770.999808 5625.50016 24.0 12.9999872
1 7036.000256 5296.999936 36.0 20.0
1 6881.999872 5193.50016 46.0000256 16.9999872
1 7095.499776 5255.000064 15.0000128 9.9999744
1 6691.0000128 5168.9999872 12.0 9.9999744
1 6771.999744 5607.000064 30.0000256 28.0
1 7155.500032 5188.499968 24.9999872 20.9999872
1 6976.500224 5210.500096 32.9999872 28.9999872
1 6765.499904 5540.499968 16.9999872 15.0000128
1 6821.499904 5200.0 56.999936 30.0000256
1 6894.000128 5192.999936 22.0000256 16.0
1 6865.999872 5194.999808 22.0000256 17.9999744
1 6956.499968 5303.000064 35.0000128 36.0
1 7116.499968 5256.0 12.9999872 12.0
1 6760.999936 5509.499904 28.0 20.9999872
1 7076.499968 5255.000064 11.0000128 12.0
1 6886.000128 5241.999872 62.000128 44.0
1 6836.499968 5198.49984 27.0000128 20.9999872
1 6716.499968 5207.499776 63.000064 47.0000128
1 7143.000064 5168.0 36.0 24.0
1 6764.499968 5559.000064 15.0000128 14.0000256
1 7096.999936 5174.000128 22.0000256 17.9999744
1 6986.500096 5226.500096 53.000192 55.000064
1 6725.499904 5256.500224 31.0000128 31.0000128
1 7126.49984 5256.999936 20.9999872 16.0
1 6807.499776 5200.0 27.0000128 24.0
1 7141.000192 5290.999808 20.0 20.0
1 7063.499776 5254.49984 11.0000128 12.9999872
1 6992.500224 5267.500032 19.0000128 16.9999872
1 6743.000064 5413.499904 41.9999744 32.9999872
1 6754.500096 5484.499968 19.0000128 16.9999872
1 7025.999872 5298.500096 22.0000256 19.0000128
1 6670.0000256 5173.499904 16.0 16.9999872
1 7038.49984 5254.49984 39.0000128 28.9999872
1 6727.499776 5318.000128 48.9999872 54.000128
1 6944.500224 5245.499904 32.9999872 35.0000128
1 7088.999936 5298.500096 17.9999744 15.0000128
1 6915.999744 5300.499968 41.9999744 43.0000128
1 7002.500096 5185.50016 20.9999872 20.9999872
1 6869.499904 5309.000192 43.0000128 46.0000256
1 7070.000128 5296.999936 16.0 16.0
1 7038.49984 5183.499776 44.9999872 40.9999872
1 7046.49984 5296.999936 15.0000128 16.0
1 7112.500224 5297.999872 16.9999872 16.0
1 7134.49984 5219.500032 32.9999872 28.9999872
1 6822.49984 5248.999936 56.999936 46.0000256
3 11168.500224 7445.000192 103.000064 121.999872
3 11191.499776 7408.999936 144.999936 182.000128
1 10770.4999936 7610.500096 20.9999872 19.0000128
3 11147.500032 7281.50016 82.999808 82.999808
3 2432.0 2145.50016 168.0 194.999808
3 2432.999936 2216.500224 110.000128 51.0000128
3 2437.4999040000002 2282.500096 133.000192 80.999936
3 2436.499968 2094.0000256 170.999808 89.999872
3 2465.50016 2424.0 133.000192 156.000256
1 15234.500096 11841.50016 16.9999872 19.0000128
1 15258.999808 11866.999808 17.9999744 16.0
1 15190.000128 11875.999744 20.0 17.9999744
3 15232.999936 12271.000064 163.999744 33.9999744
1 15206.000128 11895.000064 38.0000256 28.0
1 15240.500224 11870.000128 19.0000128 20.0
1 15210.999808 11847.000064 22.0000256 22.0000256
1 9170.999808 12632.999936 62.000128 60.000256
1 11645.499904 12913.50016 15.0000128 15.0000128
1 11568.0 13284.499968 25.9999744 24.9999872
1 11544.0 13216.999936 25.9999744 20.0
1 11481.999872 12924.499968 16.0 12.9999872
1 11473.999872 12899.999744 32.0 24.0
1 11488.0 12942.000128 24.0 22.0000256
1 11623.000064 12901.499904 17.9999744 16.9999872
1 11549.000192 13235.999744 20.0 17.9999744
1 11590.49984 12904.999936 16.9999872 16.0
1 11490.500096 12968.0 19.0000128 22.0000256
1 10708.499968 2646.000128 80.999936 89.999872
1 10480.999936 3013.4999040000002 17.9999744 19.0000128
1 10408.0 3064.999936 41.9999744 14.0000256
0 10358.000128 2701.499904 236.000256 282.999808
3 10496.999936 2646.000128 177.999872 168.0
1 10475.500032 3055.499776 36.9999872 32.9999872
1 13196.000256 6934.000128 56.0 60.000256
1 13000.0 7026.500096 145.999872 66.999808
1 13031.499776 7011.999744 48.9999872 51.999744
1 12827.4999808 7084.000256 53.000192 46.0000256
1 13041.999872 6668.0 49.9999744 24.0
1 12944.0 7041.50016 36.0 40.9999872
1 12904.999936 7064.0 36.0 33.9999744
1 13170.500096 6846.000128 58.999808 51.999744
1 13065.999872 7016.999936 24.0 30.0000256
1 4041.999872 11664.999936 24.0 30.0000256
1 3709.000192 11273.5000064 25.9999744 19.0000128
1 4030.000128 11501.000192 20.0 14.0000256
1 4045.000192 11713.50016 17.9999744 19.0000128
1 4028.000256 11485.000192 25.9999744 17.9999744
1 4017.999872 11463.000064 24.0 22.0000256
1 4029.000192 11524.499968 25.9999744 24.9999872
1 7475.999744 3777.999872 22.0000256 22.0000256
1 7496.999936 4081.50016 24.0 27.0000128
1 7475.999744 4084.499968 64.0 23.0000128
1 7560.999936 3641.50016 20.0 19.0000128
3 2639.000064 9526.000128 158.000128 121.999872
1 2353.999872 2791.000064 14.0000256 14.0000256
1 2355.999744 2809.999872 17.9999744 14.0000256
1 2454.49984 2981.000192 58.999808 60.000256
1 2288.0 2638.49984 14.0000256 12.9999872
1 2300.000256 2667.500032 14.0000256 12.9999872
1 2296.500224 2684.000256 15.0000128 16.0
1 2528.999936 2796.000256 25.9999744 24.0
1 1999.000064 2823.000064 20.0 25.9999744
1 1893.499904 2614.000128 16.9999872 16.0
1 1894.49984 2649.50016 15.0000128 12.9999872
1 1896.999936 2674.999808 17.9999744 17.9999744
1 1894.0001280000001 2633.50016 16.0 15.0000128
1 10355.999744 2087.0000128 22.0000256 20.0
1 10632.0 2551.000064 67.999744 17.9999744
1 10675.999744 2533.000192 17.9999744 16.0
1 10329.999872 2076.0 14.0000256 12.0
1 10343.000064 2059.0000128 16.0 16.0
1 10317.499904 2064.9999872 15.0000128 16.0
1 3017.999872 9744.0 30.0000256 28.0
1 9087.499776 10318.49984 48.9999872 31.0000128
1 8915.999744 10350.000128 28.0 17.9999744
1 8908.499968 10354.500096 35.0000128 23.0000128
1 8906.500096 10419.999744 16.9999872 16.0
1 8888.0 10434.999808 24.0 20.0
1 8904.500224 10407.000064 19.0000128 16.0
3 9141.499904 10547.999744 136.999936 145.999872
3 8957.499904 10577.999872 106.999808 112.0
1 8966.49984 10339.999744 15.0000128 14.0000256
1 8880.500224 10381.000192 31.0000128 28.0
1 8951.000064 10341.499904 16.0 15.0000128
1 8881.999872 10411.500032 20.0 20.9999872
1 2326.000128 12506.500096 22.0000256 35.0000128
1 2440.500224 12486.49984 47.0000128 47.0000128
1 2445.4999040000002 12451.500032 31.0000128 24.9999872
5 2400.999936 12631.000064 32.0 30.0000256
1 2408.500224 12479.000064 20.9999872 22.0000256
1 2296.500224 12312.5000192 15.0000128 12.9999872
1 2437.000192 12406.49984 46.0000256 43.0000128
1 2351.499776 12512.999936 31.0000128 36.0
1 9881.999872 12420.499968 14.0000256 12.9999872
1 9936.500224 12642.999808 12.9999872 12.0
1 9885.499904 12446.49984 15.0000128 15.0000128
1 9898.500096 12416.999936 16.9999872 16.0
1 9883.500032 12510.49984 43.0000128 35.0000128
1 9900.499968 12433.999872 16.9999872 14.0000256
0 10074.500096 12750.49984 325.000192 96.999936
1 9888.500224 12476.000256 19.0000128 17.9999744
1 9867.500032 12512.999936 82.999808 41.9999744
1 9838.49984 12515.999744 32.9999872 36.0
3 9873.50016 12701.499904 96.999936 104.999936
1 9905.999872 12449.50016 17.9999744 15.0000128
1 10248.0 3865.50016 16.0 31.0000128
1 10736.999936 3928.500224 30.0000256 40.9999872
1 10353.50016 4055.499776 27.0000128 24.9999872
1 10258.4999936 3915.500032 24.9999872 28.9999872
1 15000.0 6101.499904 25.9999744 28.9999872
3 15130.500096 6106.999808 119.000064 73.999872
1 15021.000192 6135.499776 25.9999744 16.9999872
3 3040.0 12608.0 64.0 28.0
1 2806.000128 12524.499968 24.0 19.0000128
4 2933.4999040000002 12710.49984 56.999936 53.000192
1 2671.499776 12537.999872 40.9999872 33.9999744
1 2781.000192 12637.000192 38.0000256 38.0000256
1 2800.999936 12396.499968 25.9999744 24.9999872
1 2806.000128 12315.0000128 24.0 17.9999744
1 2806.49984 12422.49984 23.0000128 23.0000128
1 2757.499904 12521.999872 44.9999872 33.9999744
1 2803.999744 12457.50016 20.0 19.0000128
1 2801.999872 12543.000064 33.9999744 25.9999744
1 2807.000064 12563.999744 17.9999744 16.0
3 3032.999936 12657.999872 78.000128 73.999872
1 10593.50016 936.0 43.0000128 36.0
1 10736.999936 527.4999808 30.0000256 31.0000128
1 10384.500224 1020.000256 32.9999872 8.0
1 10511.499776 820.4999680000001 16.9999872 16.9999872
1 10701.000192 574.000128 92.000256 62.000128
1 10260.0 989.499904 40.0 40.9999872
1 10376.0 896.9999359999999 32.0 28.0
1 10515.999744 992.0 48.0 41.9999744
1 10428.000256 865.999872 32.0 30.0000256
1 10544.999936 877.499904 49.9999744 51.0000128
1 10432.999936 1003.5000319999999 40.0 36.9999872
5 3406.000128 12757.000192 25.9999744 24.0
1 3411.500032 12397.499904 39.0000128 35.0000128
1 3337.999872 12678.000128 32.0 25.9999744
1 3421.4999040000002 12477.499904 27.0000128 27.0000128
1 3288.0 12405.000192 28.0 22.0000256
5 3379.500032 12769.50016 31.0000128 28.9999872
1 3313.50016 12473.50016 19.0000128 20.9999872
1 3360.999936 12575.000064 33.9999744 30.0000256
1 3344.999936 12386.999808 17.9999744 22.0000256
1 3282.999808 12474.500096 28.0 20.9999872
1 3275.500032 12445.499904 39.0000128 32.9999872
1 3275.500032 12353.999872 20.9999872 20.0
1 3293.499904 12707.999744 27.0000128 22.0000256
3 3108.9999872 12652.000256 73.999872 94.000128
1 3313.50016 12358.000128 23.0000128 22.0000256
1 3363.500032 12388.499968 16.9999872 19.0000128
1 3382.000128 12386.500096 14.0000256 15.0000128
1 3371.500032 12353.50016 28.9999872 24.9999872
1 3279.499776 12383.000064 32.9999872 25.9999744
1 12078.49984 6668.5000192 27.0000128 24.9999872
1 12057.50016 6666.4999936 69.000192 20.9999872
1 12082.500096 6719.499776 58.999808 61.000192
3 12157.000192 7034.999808 78.000128 54.000128
0 12026.500096 7046.000128 493.000192 241.999872
1 4545.999872 8119.499776 48.0 44.9999872
1 4563.500032 8104.500224 85.000192 77.000192
1 4592.999936 7996.499968 30.0000256 51.0000128
1 4101.5000064 7749.000192 11.0000128 25.9999744
1 4464.999936 8097.50016 57.999872 55.000064
1 4520.999936 8025.999872 76.000256 51.999744
1 4350.49984 8034.500096 58.999808 69.000192
1 4460.000256 8160.0 67.999744 64.0
1 4544.500224 8168.999936 64.999936 46.0000256
1 11052.000256 3387.500032 22.0000256 20.9999872
3 11199.499776 3523.999744 27.0000128 24.0
1 11066.999808 3332.499968 38.0000256 32.9999872
5 2568.0 10252.9999872 16.0 25.9999744
1 13034.500096 3897.999872 20.9999872 17.9999744
2 13248.500224 3807.000064 36.9999872 44.0
1 13069.499904 4038.000128 51.0000128 36.0
2 13283.500032 3864.500224 40.9999872 40.9999872
1 13061.499904 4087.000064 23.0000128 17.9999744
5 13261.499904 3835.500032 19.0000128 19.0000128
1 13050.500096 3971.999744 39.0000128 40.0
1 12882.999808 7755.500032 46.0000256 40.9999872
1 12848.0 7742.49984 30.0000256 20.9999872
1 13292.499968 8132.499968 16.9999872 15.0000128
1 13196.499968 7876.499968 28.9999872 23.0000128
1 12907.500032 7691.0000128 39.0000128 22.0000256
1 13183.499776 7835.500032 16.9999872 15.0000128
1 13270.49984 8077.000192 16.9999872 14.0000256
1 12809.9999744 7840.999936 20.0 22.0000256
1 12856.0 7741.000192 12.0 14.0000256
1 13155.999744 7753.999872 17.9999744 14.0000256
1 13210.999808 7913.50016 22.0000256 20.9999872
1 12813.5000064 7864.0 24.9999872 22.0000256
1 13223.000064 7943.000064 16.0 12.0
1 12841.5000064 7743.000064 16.9999872 16.0
1 13285.000192 8115.500032 22.0000256 23.0000128
1 13260.000256 8047.499776 20.0 16.9999872
1 13197.000192 7870.49984 36.0 43.0000128
1 13173.499904 7795.999744 15.0000128 12.0
1 13153.50016 7747.500032 20.9999872 24.9999872
1 13161.999872 7773.499904 16.0 15.0000128
1 13248.999936 8008.0 22.0000256 17.9999744
1 13228.000256 7955.500032 16.0 12.9999872
1 13232.500224 7971.500032 20.9999872 20.9999872
1 13217.50016 7929.999872 19.0000128 14.0000256
1 13176.999936 7816.0 20.0 20.0
1 13301.000192 8154.500096 22.0000256 23.0000128
1 13254.000128 8027.500032 17.9999744 16.9999872
1 12847.4999808 7707.4999808 47.0000128 39.0000128
1 13167.000064 7785.999872 14.0000256 12.0
1 12924.000256 7714.4999936 22.0000256 20.9999872
1 13264.999936 8066.500096 20.0 16.9999872
1 2236.000256 11761.50016 56.0 28.9999872
1 2186.999808 11440.500224 41.9999744 36.9999872
1 2176.999936 11448.500224 67.999744 61.000192
1 2350.000128 11341.000192 30.0000256 33.9999744
1 2479.499776 11344.999936 74.999808 44.0
1 2398.000128 11273.5000064 33.9999744 19.0000128
1 2154.999808 11312.0 57.999872 44.0
1 2312.0 11288.5000192 118.000128 48.9999872
1 2186.500096 11365.499904 103.000064 53.000192
1 2282.500096 11576.999936 32.9999872 32.0
1 2406.000128 11346.999808 72.0 33.9999744
1 6707.500032 3836.000256 19.0000128 17.9999744
1 6741.000192 3872.999936 17.9999744 14.0000256
1 6730.500096 3841.999872 16.9999872 14.0000256
1 6785.50016 3657.50016 31.0000128 39.0000128
1 6669.5000064 3728.500224 27.0000128 35.0000128
1 6858.999808 4058.5000959999998 33.9999744 43.0000128
1 6706.4999936 3784.999936 35.0000128 22.0000256
1 6660.0 3794.999808 8.0 20.0
1 6773.499904 4063.000064 16.9999872 14.0000256
1 6726.49984 3826.500096 15.0000128 12.9999872
1 6714.500096 3785.999872 16.9999872 20.0
1 6777.999872 4080.999936 17.9999744 14.0000256
1 6780.499968 3653.000192 20.9999872 20.0
1 6730.999808 3651.500032 78.000128 63.000064
1 6703.4999808 3815.499776 15.0000128 12.9999872
1 6714.999808 3706.999808 46.0000256 33.9999744
1 7159.000064 3753.999872 17.9999744 24.0
1 6762.999808 4034.5000959999998 17.9999744 15.0000128
1 6734.000128 3914.999808 22.0000256 17.9999744
1 6700.5000192 3869.4999040000002 16.9999872 15.0000128
1 6671.0000128 3665.999872 30.0000256 30.0000256
1 6694.4999936 3784.999936 27.0000128 24.0
1 6748.000256 4053.4999040000002 22.0000256 19.0000128
1 6751.000064 3890.5000959999998 16.0 15.0000128
1 6743.499776 4016.999936 35.0000128 20.0
1 7155.999744 4014.49984 24.0 23.0000128
1 6735.499776 3983.499776 43.0000128 35.0000128
1 6725.000192 3810.999808 16.0 16.0
1 6783.499776 3691.500032 27.0000128 31.0000128
1 6688.9999872 3910.000128 28.0 25.9999744
1 6810.500096 3027.999744 15.0000128 14.0000256
1 7148.499968 2953.50016 36.9999872 47.0000128
1 6830.000128 3027.999744 22.0000256 20.0
1 6800.999936 3041.999872 22.0000256 16.0
1 7022.000128 3021.000192 24.0 20.0
1 6777.50016 3041.999872 15.0000128 14.0000256
1 6671.0000128 3062.49984 30.0000256 19.0000128
1 7033.999872 3053.4999040000002 41.9999744 36.9999872
1 6937.50016 2956.499968 133.000192 80.999936
1 6930.500096 3048.0 35.0000128 38.0000256
1 6793.50016 3062.49984 28.9999872 19.0000128
1 6874.999808 3062.000128 40.0 20.0
1 6972.000256 3054.000128 25.9999744 25.9999744
1 11294.4999936 8246.000128 11.0000128 12.0
1 11559.499776 8346.500096 23.0000128 20.9999872
1 11639.000064 8510.49984 14.0000256 12.9999872
1 11401.50016 8625.50016 98.999808 56.999936
1 11666.999808 8665.999872 33.9999744 22.0000256
1 11602.999808 8543.000064 20.0 17.9999744
1 11274.4999936 8254.49984 20.9999872 20.9999872
1 11619.500032 8486.000128 20.9999872 17.9999744
1 11334.49984 8228.0 61.000192 33.9999744
1 7418.999808 9224.0 17.9999744 14.0000256
1 14561.999872 8234.4999936 24.0 20.9999872
1 14582.49984 8214.4999936 15.0000128 15.0000128
1 14435.500032 8279.499776 24.9999872 19.0000128
1 14384.9999872 8257.999872 72.0 38.0000256
1 14501.000192 8227.0000128 16.0 14.0000256
1 14408.500224 8260.499968 24.9999872 27.0000128
1 14622.000128 8226.4999936 17.9999744 16.9999872
1 14598.49984 8214.0000256 12.9999872 14.0000256
1 14362.4999936 8243.999744 15.0000128 14.0000256
1 14601.999872 8235.0000128 20.0 22.0000256
1 14505.999872 8249.999872 16.0 20.0
1 14483.999744 8254.49984 20.0 20.9999872
1 14755.500032 8509.000192 24.9999872 22.0000256
1 14462.000128 8258.500096 22.0000256 23.0000128
1 10428.000256 1098.500096 20.0 15.0000128
1 10594.999808 1497.9998719999999 25.9999744 30.0000256
1 10410.500096 1338.999808 19.0000128 17.9999744
1 10624.500224 1489.9998719999999 16.9999872 16.0
1 10288.9999872 1264.999936 44.0 64.0
1 10280.5000192 1249.50016 35.0000128 28.9999872
1 10285.5000064 1395.999744 53.000192 46.0000256
1 10536.0 1288.999936 14.0000256 9.9999744
1 10396.000256 1111.499776 28.0 23.0000128
1 10576.999936 1069.5000064 44.0 39.0000128
1 10477.499904 1102.49984 23.0000128 20.9999872
1 10284.0 1137.50016 24.0 19.0000128
1 10720.999936 1120.0 44.0 30.0000256
1 10640.0 1128.0 46.0000256 33.9999744
1 10357.499904 1048.5000192 23.0000128 15.0000128
1 10275.4999808 1118.000128 20.9999872 20.0
1 10327.000064 1337.50016 36.0 27.0000128
1 10250.4999936 1216.0 20.9999872 32.0
1 10414.000128 1245.000192 24.0 20.0
1 10441.50016 1050.4999936 19.0000128 19.0000128
1 10250.4999936 1349.499904 20.9999872 35.0000128
1 10688.500224 1198.000128 20.9999872 22.0000256
1 10384.999936 1036.0 30.0000256 24.0
1 10299.500032 1103.000064 23.0000128 17.9999744
1 10495.000064 1044.5000192 22.0000256 19.0000128
1 10344.500224 1067.4999808 19.0000128 19.0000128
1 10369.50016 1131.500032 19.0000128 19.0000128
1 10253.5000064 1128.500224 20.9999872 16.9999872
3 15961.5000064 10368.500224 27.0000128 43.0000128
3 16309.999872 10554.500096 153.999872 103.000064
3 16111.500032 10284.0 66.999808 86.000128
3 15978.0000256 10610.500096 60.000256 264.999936
3 16310.500096 10624.500224 168.999936 250.999808
3 16134.999808 10569.50016 176.0 362.999808
1 6664.0 6529.50016 16.0 19.0000128
1 6675.4999808 6525.000192 16.9999872 17.9999744
1 6672.0 6498.500096 20.0 16.9999872
1 6670.4999936 6525.000192 28.9999872 28.0
1 6705.5000064 6519.499776 24.9999872 23.0000128
1 6705.9999744 6456.0 56.0 54.000128
3 7146.500096 6192.9999872 43.0000128 96.0
1 13328.5000192 5742.49984 32.9999872 27.0000128
1 13807.000064 6077.000192 33.9999744 41.9999744
1 13646.49984 5992.500224 23.0000128 19.0000128
5 13334.4999936 5872.999936 16.9999872 17.9999744
1 13335.0000128 5873.50016 20.0 16.9999872
1 13625.999872 6119.499776 62.000128 47.0000128
1 13704.0 5924.499968 28.0 31.0000128
1 13589.499904 5946.500096 19.0000128 16.9999872
1 13748.499968 6101.499904 31.0000128 36.9999872
1 13569.50016 5773.000192 23.0000128 24.0
1 13672.999936 5752.0 20.0 17.9999744
1 13812.499968 6023.499776 23.0000128 36.9999872
1 13736.0 5970.999808 20.0 20.0
1 13692.499968 6081.50016 56.999936 51.0000128
1 13321.5000064 5898.500096 19.0000128 16.9999872
1 13698.500096 5982.49984 28.9999872 24.9999872
1 13664.999936 5859.500032 24.0 19.0000128
1 13510.49984 6133.499904 69.000192 20.9999872
1 13597.000192 5960.0 14.0000256 12.0
1 13741.499904 6017.50016 31.0000128 32.9999872
1 13604.499968 5948.000256 15.0000128 16.0
1 13605.499904 5850.500096 19.0000128 20.9999872
1 13716.499968 5737.50016 39.0000128 28.9999872
1 13616.500224 5768.999936 63.000064 60.000256
1 13398.000128 6085.499904 76.000256 43.0000128
1 13663.000064 5888.500224 25.9999744 19.0000128
1 13656.500224 5808.999936 20.9999872 22.0000256
1 13699.500032 5859.999744 16.9999872 16.0
1 13800.0 5885.499904 46.0000256 40.9999872
1 13710.49984 6018.999808 24.9999872 22.0000256
1 13397.499904 5833.50016 39.0000128 28.9999872
1 13726.000128 6016.999936 60.000256 38.0000256
1 13358.0000256 5841.50016 16.0 16.9999872
1 13608.500224 5968.500224 15.0000128 12.9999872
1 13669.499904 5839.000064 19.0000128 17.9999744
1 13621.000192 5944.500224 16.0 15.0000128
1 13789.499904 5814.49984 31.0000128 27.0000128
1 13642.999808 6020.499968 30.0000256 24.9999872
1 13718.000128 5826.999808 30.0000256 28.0
1 13761.50016 5849.999872 20.9999872 20.0
1 13778.999808 5721.999872 38.0000256 36.0
1 13698.500096 5887.499776 27.0000128 24.9999872
1 8782.49984 7334.000128 11.0000128 14.0000256
1 9142.000128 7278.000128 28.0 25.9999744
1 8880.500224 7176.9999872 16.9999872 14.0000256
1 8769.999872 7337.50016 14.0000256 12.9999872
1 9205.499904 7400.500224 20.9999872 24.9999872
1 8769.999872 7356.000256 16.0 16.0
1 8915.500032 7208.5000192 28.9999872 27.0000128
1 8718.0000256 7206.4999936 24.0 23.0000128
1 8967.499776 7258.500096 28.9999872 27.0000128
1 9146.500096 7375.499776 28.9999872 28.9999872
1 9044.499968 7263.499776 27.0000128 24.9999872
1 13509.000192 5298.999808 73.999872 67.999744
1 12775.499776 7663.000064 16.9999872 17.9999744
1 12778.999808 7667.999744 28.0 24.0
1 12783.499776 7473.999872 15.0000128 9.9999744
1 12626.999808 7629.499904 22.0000256 20.9999872
1 12687.000064 7421.499904 22.0000256 20.9999872
1 12732.000256 7518.49984 14.0000256 12.9999872
1 12793.999872 7670.000128 12.0 20.0
1 12784.999936 7438.000128 20.0 16.0
1 12714.500096 7419.500032 28.9999872 31.0000128
1 12764.499968 7500.000256 15.0000128 16.0
1 12675.999744 7418.500096 25.9999744 27.0000128
1 12758.49984 7482.999808 16.9999872 14.0000256
1 12742.49984 7525.000192 16.9999872 16.0
1 12696.500224 7416.500224 63.000064 43.0000128
1 12793.999872 7487.000064 12.0 14.0000256
1 12701.499904 7517.000192 28.9999872 25.9999744
1 12741.000192 7412.499968 14.0000256 15.0000128
1 12498.500096 7569.50016 23.0000128 16.9999872
1 12764.000256 7581.499904 17.9999744 16.9999872
1 12750.49984 7564.000256 20.9999872 17.9999744
0 12435.500032 7234.999808 290.999808 134.000128
1 12775.499776 7604.499968 16.9999872 16.9999872
1 12671.499776 7461.499904 32.9999872 23.0000128
1 12785.999872 7459.999744 17.9999744 16.0
1 12751.499776 7441.50016 24.9999872 19.0000128
1 12722.500096 7497.50016 19.0000128 19.0000128
1 12750.000128 7459.500032 16.0 15.0000128
1 12761.999872 7411.500032 22.0000256 20.9999872
1 12710.49984 7475.999744 27.0000128 22.0000256
1 15689.50016 11216.0 55.000064 44.0
1 15744.999936 11126.49984 25.9999744 20.9999872
1 15730.999808 11125.499904 49.9999744 31.0000128
1 15796.499968 11101.000192 20.9999872 17.9999744
1 15717.000192 11127.499776 22.0000256 20.9999872
1 15703.499776 11231.499776 87.000064 63.000064
1 15808.999936 11191.499776 22.0000256 20.9999872
1 15801.999872 11127.000064 20.0 20.0
5 12372.499968 6628.499968 24.9999872 23.0000128
1 12710.49984 6195.0000128 36.9999872 33.9999744
1 12681.999872 6193.5000064 30.0000256 23.0000128
1 12613.499904 6227.500032 19.0000128 15.0000128
1 12624.0 6481.999872 16.0 14.0000256
1 12639.499776 6477.000192 15.0000128 16.0
1 12787.999744 6432.500224 24.0 24.9999872
1 12636.499968 6522.500096 28.9999872 24.9999872
1 12718.000128 6426.999808 24.0 20.0
1 12784.999936 6280.999936 30.0000256 40.0
1 12648.0 6206.000128 17.9999744 16.0
1 12760.999936 6418.500096 14.0000256 15.0000128
1 12371.999744 6489.999872 36.0 30.0000256
1 12292.99999744 6332.499968 9.9999744 28.9999872
1 12649.50016 6231.499776 15.0000128 12.9999872
1 12508.499968 6538.999808 53.000192 40.0
1 12355.500032 6512.500224 12.9999872 12.9999872
1 12638.000128 6184.5000192 14.0000256 12.9999872
1 12304.9999872 6362.999808 17.9999744 17.9999744
1 12698.999808 6188.0 62.000128 57.999872
1 12755.999744 6325.499904 54.000128 44.9999872
1 12729.50016 6453.499904 28.9999872 23.0000128
1 12648.0 6495.000064 22.0000256 20.0
1 12487.499776 6275.500032 19.0000128 15.0000128
1 12670.49984 6515.500032 24.9999872 23.0000128
1 12337.5000064 6446.49984 31.0000128 28.9999872
1 12607.499776 6193.9999744 20.9999872 14.0000256
1 12633.999872 6217.50016 14.0000256 12.9999872
1 12524.000256 6309.000192 20.0 17.9999744
1 12743.499776 6429.000192 19.0000128 16.0
1 12633.50016 6244.499968 16.9999872 15.0000128
1 12766.000128 6440.500224 20.0 19.0000128
1 12474.500096 6497.999872 28.9999872 32.0
1 12464.0 6259.500032 16.0 15.0000128
1 12607.000064 6243.999744 24.0 20.0
1 2838.49984 10813.000192 16.9999872 16.0
1 2905.999872 10860.499968 16.0 15.0000128
1 2884.499968 11207.000064 19.0000128 16.0
1 2588.5000192 11215.499776 27.0000128 27.0000128
1 2908.000256 10879.000064 17.9999744 17.9999744
1 2732.000256 11193.999872 17.9999744 16.0
1 2700.000256 11184.999936 20.0 17.9999744
1 2760.999936 11178.999808 40.0 41.9999744
1 12741.000192 8370.999808 25.9999744 24.0
1 12446.000128 8662.49984 83.999744 82.999808
1 12777.50016 8622.000128 24.9999872 24.0
1 12794.999808 8625.50016 9.9999744 39.0000128
1 12762.999808 8368.0 14.0000256 14.0000256
1 12762.999808 8621.499904 38.0000256 27.0000128
1 12535.000064 8470.000128 112.0 83.999744
1 12684.499968 8382.49984 87.000064 43.0000128
1 12717.000192 8694.49984 40.0 19.0000128
1 12790.49984 8332.499968 19.0000128 23.0000128
1 12765.499904 8624.0 69.000192 38.0000256
1 12791.499776 8376.500224 16.9999872 31.0000128
1 7686.4999936 2776.0 12.9999872 33.9999744
1 7684.99999744 2813.000192 9.9999744 41.9999744
1 7689.5000064 2656.0 19.0000128 25.9999744
1 8120.999936 2787.999744 40.0 30.0000256
1 7687.4999808 2793.50016 15.0000128 74.999808
1 8104.0 2752.500224 40.0 43.0000128
1 8128.500224 2829.000192 44.9999872 41.9999744
1 7770.500096 2724.499968 23.0000128 24.9999872
1 7960.0 2966.000128 33.9999744 30.0000256
1 7805.000192 2582.0000256 97.999872 44.0
1 7800.500224 2723.999744 28.9999872 25.9999744
3 7944.500224 2752.0 138.999808 195.999744
1 7783.499776 2723.999744 61.000192 38.0000256
1 7942.000128 2943.000064 22.0000256 20.0
1 7841.50016 2718.000128 20.9999872 20.0
1 7798.49984 2764.499968 23.0000128 23.0000128
1 7866.999808 3057.999872 22.0000256 24.0
1 7826.500096 2743.000064 20.9999872 22.0000256
1 7889.999872 2864.0 62.000128 49.9999744
1 7691.0000128 2927.499776 22.0000256 31.0000128
1 7937.999872 2922.999808 22.0000256 20.0
1 7846.000128 2694.49984 24.0 20.9999872
1 7930.999808 2990.000128 24.0 22.0000256
1 7922.999808 2900.499968 25.9999744 23.0000128
1 7856.500224 2769.999872 77.000192 80.0
1 7898.500096 3043.999744 23.0000128 24.0
1 7939.999744 3025.999872 38.0000256 44.0
1 1459.500032 10399.499776 19.0000128 16.9999872
1 1373.499904 10590.49984 19.0000128 23.0000128
1 1433.50016 10320.500224 20.9999872 19.0000128
1 1398.49984 10589.000192 19.0000128 25.9999744
1 7563.500032 4107.4999808 24.9999872 23.0000128
1 7394.999808 4186.500096 44.0 35.0000128
1 7458.500096 4136.9999872 28.9999872 22.0000256
1 7424.0 4239.499776 22.0000256 20.9999872
1 7455.000064 4287.000064 57.999872 48.0
1 7465.999872 4346.500096 36.0 36.9999872
1 7461.499904 4106.4999936 36.9999872 20.9999872
1 7446.000128 4201.999872 64.0 56.0
1 7507.500032 4134.0000256 27.0000128 24.0
0 4056.999936 8972.000256 78.000128 161.999872
3 3969.999872 8993.50016 54.000128 151.000064
1 14751.000064 12308.5000192 30.0000256 31.0000128
1 14542.000128 12653.499904 182.000128 93.000192
1 14595.999744 12313.5000064 32.0 31.0000128
1 14578.500096 12526.49984 16.9999872 16.9999872
1 14609.50016 12527.499776 19.0000128 16.9999872
1 14553.999872 12530.500096 24.0 23.0000128
1 14547.999744 12466.999808 17.9999744 14.0000256
1 14549.499904 12490.999808 23.0000128 30.0000256
1 14664.0 12656.999936 54.000128 49.9999744
1 14551.499776 12449.50016 19.0000128 15.0000128
1 14801.50016 12733.000192 72.999936 67.999744
1 14732.499968 12661.499904 77.000192 56.999936
1 6645.499904 3798.49984 20.9999872 28.9999872
1 6639.499776 3766.49984 32.9999872 106.999808
1 6638.000128 3741.499904 36.0 43.0000128
1 6628.499968 3680.0 55.000064 54.000128
1 6640.999936 3792.0 30.0000256 49.9999744
1 6407.499776 3608.5000192 31.0000128 27.0000128
1 8352.0 5953.999872 17.9999744 16.0
1 8353.50016 5905.999872 20.9999872 17.9999744
1 15852.499968 12743.000064 39.0000128 38.0000256
1 15679.499776 12749.499904 16.9999872 12.9999872
1 15682.999808 12794.999808 17.9999744 9.9999744
1 15680.0 12764.000256 16.0 14.0000256
1 15680.999936 12781.000192 17.9999744 16.0
3 15818.999808 12384.500224 33.9999744 61.000192
1 10200.999936 1006.000128 78.000128 36.0
1 10928.999936 8176.500224 28.0 20.9999872
1 10998.49984 7722.4999936 20.9999872 19.0000128
1 11146.500096 7984.999936 40.9999872 38.0000256
1 10936.0 7728.9999872 20.0 16.0
1 10999.000064 8002.999808 67.999744 81.999872
1 11140.499968 7949.000192 19.0000128 16.0
1 11071.499776 8005.499904 31.0000128 23.0000128
1 10962.999808 7933.000192 41.9999744 36.0
1 10931.999744 8154.999808 28.0 20.0
1 11130.500096 8161.999872 63.000064 60.000256
1 11181.000192 8096.500224 36.0 36.9999872
1 12389.499904 4111.4999808 20.9999872 19.0000128
1 12767.499776 4163.999744 19.0000128 17.9999744
3 12630.000128 4560.0 49.9999744 62.000128
1 12786.500096 4194.999808 23.0000128 20.0
1 12623.499776 4112.0 63.000064 30.0000256
1 12557.000192 4112.5000192 56.0 32.9999872
0 12496.0 4514.500096 414.000128 186.999808
0 9337.999872 1645.499904 243.999744 218.999808
1 9708.000256 1993.9998719999999 40.0 51.999744
1 4718.49984 8079.000064 87.000064 64.0
1 4751.000064 8178.500096 76.000256 27.0000128
1 4927.000064 8094.49984 67.999744 55.000064
1 4912.500224 8072.999936 96.999936 89.999872
1 4645.5000064 8064.999936 55.000064 51.999744
1 4719.499776 7997.000192 39.0000128 49.9999744
1 4837.000192 8155.500032 72.0 72.999936
1 4840.999936 8079.499776 56.0 44.9999872
1 4936.0 8142.000128 49.9999744 33.9999744
1 4652.0 7987.500032 86.000128 69.000192
1 13456.0 11851.500032 20.0 19.0000128
1 13715.500032 12191.000064 44.9999872 48.0
5 8906.999808 3596.0 24.0 22.0000256
0 9061.499904 4028.499968 304.999936 133.000192
3 8860.499968 3636.499968 197.000192 103.000064
0 8866.999808 3823.499776 318.000128 229.000192
1 11309.5000064 3754.999808 11.0000128 12.0
1 11524.499968 3601.9999744 40.9999872 36.0
1 11380.499968 3884.499968 11.0000128 11.0000128
1 11340.000256 3813.499904 17.9999744 19.0000128
1 11322.500096 3779.500032 12.9999872 11.0000128
1 11327.499776 3786.500096 15.0000128 16.9999872
1 11343.000064 3818.500096 17.9999744 20.9999872
1 11320.0 3767.000064 14.0000256 12.0
1 11493.000192 3598.4999936 12.0 12.9999872
1 11390.000128 3895.499776 16.0 15.0000128
1 11370.999808 3869.4999040000002 14.0000256 12.9999872
1 11361.999872 3852.499968 16.0 16.9999872
1 6811.500032 4378.999808 53.000192 92.000256
1 6765.499904 4186.500096 24.9999872 28.9999872
1 6771.500032 4283.500032 32.9999872 35.0000128
1 6944.500224 4597.000192 20.9999872 17.9999744
1 6797.000192 4115.0000128 28.0 32.0
1 6935.000064 4596.499968 41.9999744 20.9999872
1 6776.500224 4288.999936 20.9999872 22.0000256
1 6783.000064 4115.4999808 57.999872 39.0000128
1 6692.5000192 4364.499968 72.999936 96.999936
1 9977.50016 7184.9999872 15.0000128 16.0
1 10070.49984 7665.50016 40.9999872 28.9999872
1 10064.0 7662.49984 20.0 19.0000128
1 10029.499904 7176.0 39.0000128 16.0
1 10026.500096 7563.500032 15.0000128 15.0000128
1 9918.000128 7186.4999936 70.000128 36.9999872
1 10072.999936 7672.500224 17.9999744 15.0000128
1 9871.499776 7312.500224 61.000192 47.0000128
1 10104.0 7246.49984 16.0 12.9999872
1 10005.499904 7539.500032 24.9999872 23.0000128
1 9809.999872 7293.499904 25.9999744 28.9999872
1 9810.500096 7203.4999808 35.0000128 32.9999872
1 10104.999936 7263.000064 20.0 17.9999744
1 10008.500224 7568.0 19.0000128 20.0
1 10090.500096 7670.49984 15.0000128 12.9999872
1 10207.499776 7241.999872 48.9999872 41.9999744
1 10519.000064 10368.999936 86.000128 78.000128
1 10653.000192 10308.499968 144.0 135.000064
1 10336.0 10530.500096 150.000128 103.000064
1 10710.000128 10540.000256 80.0 60.000256
1 10457.50016 10488.0 88.999936 64.0
1 10562.500096 10456.999936 72.999936 65.999872
1 10278.4999936 10727.499776 74.999808 48.9999872
1 10331.500032 10642.999808 74.999808 70.000128
1 8238.0000256 11375.000064 12.0 14.0000256
1 8196.99999744 11379.999744 9.9999744 12.0
1 8208.5000192 11377.999872 16.9999872 14.0000256
1 8196.99999744 11352.500224 9.9999744 12.9999872
1 8270.49984 11745.50016 69.000192 51.0000128
1 8264.999936 11687.000064 57.999872 48.0
1 8261.499904 11379.999744 20.9999872 17.9999744
1 8251.500032 11616.0 56.999936 56.0
1 8201.5000064 11695.000064 19.0000128 46.0000256
1 8239.4999808 11392.999936 15.0000128 14.0000256
1 8226.4999936 11377.999872 11.0000128 12.0
1 8214.0000256 11350.49984 12.0 11.0000128
1 8238.4999936 11555.999744 44.9999872 40.0
1 8208.0 11758.000128 32.0 36.0
5 8341.000192 5052.499968 22.0000256 20.9999872
1 9834.999808 2022.0001280000001 41.9999744 36.0
1 9950.49984 1592.500224 23.0000128 24.9999872
1 10040.999936 1757.000192 25.9999744 22.0000256
1 9968.0 1707.500032 22.0000256 20.9999872
1 9839.499776 1936.999936 43.0000128 32.0
1 10187.500032 1855.499776 19.0000128 19.0000128
1 10008.0 1745.50016 20.0 16.9999872
1 10044.499968 1725.499904 27.0000128 23.0000128
1 9790.49984 2037.499904 16.9999872 16.9999872
1 10046.49984 1756.000256 15.0000128 14.0000256
1 10019.999744 1610.999808 38.0000256 33.9999744
1 10033.999872 1754.999808 14.0000256 14.0000256
1 9977.999872 1657.999872 28.0 20.0
1 9961.999872 1701.499904 30.0000256 35.0000128
1 9936.999936 1583.0000128 17.9999744 17.9999744
1 10019.500032 1766.49984 12.9999872 12.9999872
1 10231.499776 1569.9999744 16.9999872 17.9999744
1 10119.499776 1672.0 31.0000128 33.9999744
1 10060.499968 1587.999744 40.9999872 44.0
1 9907.999744 1552.9999872 48.0 32.0
1 10206.000128 1620.499968 22.0000256 23.0000128
1 10129.999872 1551.4999808 36.0 31.0000128
1 9986.999808 1715.500032 17.9999744 16.9999872
1 6974.000128 7434.500096 17.9999744 12.9999872
1 6997.000192 7432.500224 16.0 12.9999872
1 7126.49984 7311.499776 16.9999872 16.9999872
1 7032.0 7432.0 33.9999744 28.0
1 6883.999744 7305.999872 17.9999744 16.0
1 7033.50016 7305.50016 35.0000128 24.9999872
1 7024.999936 7304.0 16.0 20.0
1 6908.000256 7404.000256 14.0000256 16.0
1 6889.999872 7402.999808 22.0000256 20.0
1 6918.000128 7298.500096 30.0000256 27.0000128
1 6762.500096 7274.500096 19.0000128 19.0000128
1 5272.999936 11744.999936 17.9999744 20.0
1 5263.000064 11674.500096 16.0 11.0000128
1 5265.999872 11685.499904 14.0000256 11.0000128
1 5266.500096 11698.999808 15.0000128 12.0
1 5304.500224 11284.5000192 106.999808 40.9999872
1 5281.999872 11767.499776 33.9999744 16.9999872
1 5269.499904 11712.500224 15.0000128 12.9999872
1 5596.000256 11479.000064 65.999872 44.0
1 9541.000192 9016.500224 44.0 71.000064
1 9287.000064 9118.49984 20.0 16.9999872
1 9328.999936 9146.500096 38.0000256 31.0000128
1 9478.000128 9005.499904 28.0 23.0000128
1 9398.49984 9100.499968 66.999808 51.0000128
1 9453.000192 9162.500096 28.0 24.9999872
1 9232.9999872 8897.50016 33.9999744 36.9999872
1 9332.499968 9122.999808 12.9999872 12.0
1 9432.500224 8919.499776 43.0000128 48.9999872
1 9277.499904 9089.50016 27.0000128 20.9999872
1 9270.49984 9090.500096 15.0000128 19.0000128
1 9377.50016 8919.499776 162.999808 85.000192
1 9236.0 9139.999744 38.0000256 48.0
1 9452.000256 9144.999936 33.9999744 54.000128
1 9485.000192 8982.000128 24.0 22.0000256
1 9271.499776 8899.500032 32.9999872 28.9999872
1 9252.0 9099.500032 14.0000256 15.0000128
1 9304.0 9107.999744 16.0 17.9999744
1 9381.499904 9144.500224 28.9999872 28.9999872
1 9239.4999808 8808.500224 16.9999872 19.0000128
1 9464.500224 8946.999808 36.9999872 28.0
1 9252.5000192 8898.999808 71.000064 40.0
1 9473.999872 8906.500096 36.0 24.9999872
1 9227.4999808 8992.500224 23.0000128 58.999808
1 9283.500032 9087.000064 15.0000128 16.0
1 9305.50016 8791.000064 36.9999872 24.0
1 9304.0 9083.500032 20.0 19.0000128
1 9477.499904 8776.500224 32.9999872 27.0000128
1 9381.499904 8789.000192 36.9999872 36.0
1 11640.999936 5132.5000192 25.9999744 23.0000128
1 11521.50016 5607.499776 144.999936 48.9999872
1 11549.000192 5142.0000256 16.0 16.0
1 11701.499904 5274.500096 35.0000128 28.9999872
1 11614.000128 5163.4999808 40.0 40.9999872
1 11570.500096 5181.000192 31.0000128 28.0
1 11592.999936 5168.0 78.000128 51.999744
1 11585.999872 5128.9999872 25.9999744 17.9999744
1 11687.000064 5143.0000128 62.000128 41.9999744
1 11738.999808 5354.999808 25.9999744 24.0
1 8196.99999744 3623.4999808000002 9.9999744 20.9999872
1 8204.0 3621.5000064 22.0000256 19.0000128
3 8651.500032 3830.49984 40.9999872 53.000192
0 8591.000064 3718.000128 222.000128 262.000128
0 8528.999936 3834.999808 348.000256 502.000128
1 6725.499904 13368.500224 15.0000128 15.0000128
1 6740.499968 13689.999872 77.000192 153.999872
1 6822.000128 13553.999872 54.000128 41.9999744
1 6665.5000064 13446.49984 19.0000128 20.9999872
1 6709.000192 13376.999936 38.0000256 28.0
1 6730.500096 13417.999872 20.9999872 20.0
1 6660.99999744 13361.9999744 9.9999744 40.0
1 6736.0 13465.50016 38.0000256 31.0000128
1 6721.999872 13399.000064 22.0000256 17.9999744
1 6750.000128 13733.499904 56.0 66.999808
1 6676.0 1602.500096 22.0000256 20.9999872
3 6738.500096 2010.500096 103.000064 74.999808
3 6722.500096 1926.0001280000001 133.000192 243.999744
1 6505.999872 7817.50016 12.0 11.0000128
1 6637.000192 7735.499776 14.0000256 12.9999872
1 6493.499904 7777.999872 28.9999872 24.0
1 6499.500032 7692.5000192 12.9999872 12.9999872
1 6498.500096 7700.0 11.0000128 9.9999744
1 6570.500096 7847.000064 12.9999872 12.0
1 6581.000192 7847.000064 14.0000256 12.0
1 6504.999936 7794.999808 16.0 16.0
1 6613.499904 7815.000064 16.9999872 17.9999744
1 6496.0 7719.4999808 17.9999744 19.0000128
1 6489.999872 7778.999808 16.0 16.0
3 6181.5000064 8103.000064 74.999808 94.000128
1 6630.49984 7799.499776 15.0000128 12.9999872
1 6634.999808 7713.9999744 14.0000256 12.0
1 6623.499776 7752.0 20.9999872 16.0
3 6573.499904 8150.49984 165.000192 82.999808
1 6616.500224 7882.999808 32.9999872 20.0
1 6608.500224 7817.999872 28.9999872 28.0
1 6507.500032 7777.50016 12.9999872 12.9999872
0 6563.500032 8021.000192 181.000192 342.000128
1 6517.000192 7839.000064 36.0 24.0
1 6552.500224 7812.499968 28.9999872 24.9999872
1 6577.999872 7782.49984 24.0 20.9999872
1 11881.50016 8842.999808 87.000064 54.000128
1 11849.50016 8848.0 20.9999872 24.0
1 12225.999872 9058.500096 24.0 20.9999872
1 12184.0 8995.500032 28.0 20.9999872
1 12142.49984 9019.500032 24.9999872 27.0000128
1 12067.500032 8807.499776 23.0000128 23.0000128
1 12166.49984 8788.499968 47.0000128 40.9999872
1 13341.5000064 7754.999808 20.9999872 17.9999744
1 13448.500224 7890.500096 24.9999872 23.0000128
1 13481.50016 8069.000192 19.0000128 17.9999744
1 13375.499776 7774.49984 40.9999872 36.9999872
1 13508.499968 7724.9999872 23.0000128 22.0000256
1 13484.000256 8076.000256 25.9999744 30.0000256
1 13368.999936 7957.000192 33.9999744 30.0000256
1 13485.000192 7727.4999808 22.0000256 20.9999872
1 13501.000192 8082.500096 16.0 16.9999872
1 13446.49984 7888.500224 36.9999872 35.0000128
1 13333.5000064 7696.0 43.0000128 32.0
1 13461.499904 7720.0 20.9999872 17.9999744
1 13361.9999744 7737.50016 16.0 15.0000128
1 13605.499904 7692.9999872 35.0000128 25.9999744
1 13568.500224 7727.0000128 51.0000128 46.0000256
1 3303.000064 2845.4999040000002 60.000256 36.9999872
1 3248.0 2784.500224 16.0 16.9999872
1 3241.50016 2730.500096 19.0000128 11.0000128
1 3395.500032 2857.999872 16.9999872 17.9999744
1 3461.000192 2848.999936 30.0000256 20.0
1 3576.999936 2840.0 14.0000256 32.0
1 3138.999808 3035.500032 105.999872 69.000192
1 3113.5000064 3052.000256 47.0000128 38.0000256
1 3525.000192 2837.000192 16.0 20.0
1 3079.0000128 2806.49984 14.0000256 28.9999872
1 3429.4999040000002 2748.499968 11.0000128 11.0000128
1 3371.500032 2838.49984 16.9999872 16.9999872
1 3411.999744 2856.999936 14.0000256 14.0000256
1 6450.500096 5433.999872 27.0000128 28.0
2 6565.499904 5578.500096 36.9999872 35.0000128
1 6546.500096 5176.500224 11.0000128 8.9999872
1 6160.5000192 5455.499776 32.9999872 40.9999872
1 6475.500032 5431.499776 12.9999872 15.0000128
1 6578.999808 5176.999936 14.0000256 12.0
1 6488.0 5177.999872 17.9999744 9.9999744
1 6440.999936 5319.000064 24.0 24.0
1 6439.000064 5313.999872 14.0000256 12.0
1 6588.000256 5176.999936 14.0000256 12.0
1 6424.999936 5185.999872 17.9999744 14.0000256
1 6560.0 5176.999936 14.0000256 9.9999744
1 6494.000128 5178.500096 9.9999744 8.9999872
1 6424.0 5309.000192 12.0 14.0000256
1 6514.500096 5203.999744 16.9999872 16.0
1 6618.999808 5177.50016 14.0000256 12.9999872
1 6425.50016 5256.500224 31.0000128 24.9999872
1 6425.999872 5208.999936 17.9999744 16.0
1 6460.000256 5188.499968 22.0000256 20.9999872
1 6496.0 5220.499968 22.0000256 19.0000128
1 6495.000064 5193.50016 12.0 11.0000128
1 6582.49984 5193.999872 12.9999872 12.0
1 6512.999936 5183.499776 14.0000256 12.9999872
1 6563.999744 5192.500224 16.0 15.0000128
1 6604.499968 5199.499776 23.0000128 23.0000128
1 6642.500096 5175.499776 16.9999872 15.0000128
1 7101.000192 4832.999936 36.0 30.0000256
1 7010.999808 5005.499904 28.0 24.9999872
1 6716.000256 4810.999808 51.999744 54.000128
1 7019.500032 4862.49984 15.0000128 12.9999872
1 7157.499904 4781.499904 20.9999872 36.9999872
1 6700.9999872 4803.999744 88.0 76.000256
1 6925.000192 4689.50016 20.0 15.0000128
1 6822.000128 4881.50016 128.0 74.999808
1 6925.499904 4712.0 28.9999872 25.9999744
1 6665.9999744 4725.499904 20.0 39.0000128
1 7041.999872 4863.000064 17.9999744 16.0
1 6926.000128 4636.9999872 38.0000256 22.0000256
1 7150.49984 4654.0000256 28.9999872 25.9999744
1 6911.499776 4669.499904 27.0000128 24.9999872
1 6703.0000128 4899.500032 88.0 69.000192
1 6930.999808 4739.500032 22.0000256 19.0000128
1 6829.499904 4800.999936 48.9999872 46.0000256
1 7152.0 4691.500032 32.0 35.0000128
1 6940.499968 4775.000064 43.0000128 41.9999744
1 6809.999872 4725.499904 70.000128 77.000192
1 12840.9999872 8897.50016 14.0000256 12.9999872
1 12864.0 8875.500032 22.0000256 20.9999872
1 12805.5000064 8802.999808 11.0000128 16.0
1 12825.9999744 8901.000192 14.0000256 14.0000256
1 12812.9999872 8833.50016 17.9999744 15.0000128
1 12836.0 8856.500224 17.9999744 16.9999872
1 12820.0 8880.500224 16.0 19.0000128
1 12816.9999872 8856.999936 17.9999744 16.0
1 12838.4999936 8877.499904 15.0000128 16.9999872
1 14587.500032 9900.000256 23.0000128 20.0
1 14535.000064 9736.5000192 12.0 11.0000128
1 14843.500032 10073.50016 8.9999872 16.9999872
1 14502.49984 9758.4999936 15.0000128 11.0000128
1 14541.000192 9736.5000192 16.0 11.0000128
1 14749.000192 10093.000192 12.0 9.9999744
1 14675.500032 10088.999936 12.9999872 12.0
1 14760.500224 10101.000192 16.9999872 14.0000256
1 14522.500096 9737.9999744 15.0000128 14.0000256
1 14504.999936 9738.4999936 17.9999744 16.9999872
1 14783.499776 10094.49984 12.9999872 15.0000128
1 14757.499904 10078.49984 20.9999872 19.0000128
1 14706.999808 10101.499904 46.0000256 27.0000128
1 14802.500096 10090.500096 16.9999872 15.0000128
1 14732.499968 10085.499904 16.9999872 15.0000128
1 14825.999872 10087.499776 20.0 19.0000128
1 10796.5000192 2672.999936 40.9999872 32.0
1 11233.999872 2593.9999744 60.000256 65.999872
1 10757.5000064 2645.000192 11.0000128 38.0000256
1 10855.000064 3052.499968 30.0000256 23.0000128
1 10849.50016 3006.49984 20.9999872 19.0000128
1 11154.999808 2643.999744 102.000128 73.999872
1 11112.999936 2569.5000064 41.9999744 19.0000128
1 10851.999744 3027.999744 25.9999744 20.0
1 10883.999744 2986.5000959999998 28.0 27.0000128
1 10993.50016 2572.5000192 39.0000128 24.9999872
1 10835.999744 2810.500096 89.999872 66.999808
1 10808.0 2700.499968 67.999744 90.999808
1 11169.999872 6946.999808 20.0 20.0
1 11209.999872 6998.49984 17.9999744 16.9999872
1 11220.499968 7017.999872 27.0000128 25.9999744
1 11189.000192 6971.500032 14.0000256 16.9999872
1 10809.50016 6938.999808 24.9999872 28.0
1 11192.999936 6954.500096 14.0000256 15.0000128
1 11208.999936 6977.50016 20.0 16.9999872
1 11205.499904 6957.499904 12.9999872 11.0000128
1 5539.500032 13288.500224 40.9999872 43.0000128
1 5589.499904 13197.499904 20.9999872 19.0000128
1 5140.9999872 12924.499968 22.0000256 20.9999872
1 5306.500096 12922.500096 19.0000128 19.0000128
1 5332.499968 12838.0000256 27.0000128 24.0
1 5136.5000192 12859.500032 32.9999872 27.0000128
1 5305.50016 12949.000192 15.0000128 17.9999744
1 5291.500032 12883.999744 23.0000128 17.9999744
1 5410.500096 12915.500032 36.9999872 28.9999872
1 5388.499968 12947.999744 15.0000128 16.0
1 5522.999808 13283.500032 73.999872 53.000192
1 5289.999872 12950.49984 17.9999744 16.9999872
1 5416.999936 12835.0000128 46.0000256 41.9999744
1 5320.0 12948.499968 14.0000256 16.9999872
1 5360.500224 12823.0000128 19.0000128 17.9999744
1 5592.0 13224.999936 36.0 33.9999744
1 5287.000064 12861.499904 22.0000256 20.9999872
1 5369.999872 12946.999808 17.9999744 17.9999744
1 5407.499776 12883.500032 24.9999872 28.9999872
1 5336.500224 12950.000128 15.0000128 14.0000256
1 5353.50016 12948.499968 15.0000128 16.9999872
1 5286.49984 12834.4999936 16.9999872 16.9999872
1 5289.50016 12809.5000064 27.0000128 19.0000128
1 5345.50016 12866.500096 32.9999872 28.9999872
1 8405.000192 4546.500096 17.9999744 15.0000128
1 8399.499776 4523.500032 20.9999872 23.0000128
1 8411.500032 4574.000128 31.0000128 36.0
1 14232.999936 10213.499904 57.999872 53.000192
1 14190.49984 10120.999936 39.0000128 40.0
1 7172.99999744 3146.500096 9.9999744 24.9999872
1 7672.500224 3503.000064 15.0000128 17.9999744
1 7639.000064 3515.500032 16.0 16.9999872
1 7656.0 3510.49984 12.0 16.9999872
1 7640.0 3490.5000959999998 20.0 16.9999872
1 7658.999808 3310.49984 14.0000256 15.0000128
1 7673.50016 3309.000192 12.9999872 25.9999744
1 7644.499968 3456.500224 16.9999872 19.0000128
1 7196.5000192 3208.999936 20.9999872 20.0
1 7625.50016 3464.500224 19.0000128 19.0000128
1 7646.49984 3322.999808 20.9999872 20.0
1 7640.0 3345.999872 20.0 17.9999744
1 7664.0 3451.500032 16.0 16.9999872
1 7664.999936 3346.5000959999998 25.9999744 23.0000128
1 2375.499776 11817.9999744 69.000192 78.000128
3 2127.499776 12033.50016 151.000064 39.0000128
1 13045.499904 3556.499968 12.9999872 16.9999872
1 13050.500096 3548.000256 15.0000128 16.0
1 13029.000192 3542.49984 20.0 20.9999872
1 13061.499904 3577.999872 23.0000128 12.0
1 13068.000256 3549.4999040000002 16.0 19.0000128
0 13158.000128 3150.49984 305.999872 157.000192
3 12860.000256 3253.499904 120.0 362.999808
1 12320.5000192 5619.999744 16.9999872 20.0
1 12316.5000192 5389.499904 19.0000128 16.9999872
1 12310.4999936 5392.500224 40.9999872 63.000064
1 12315.0000128 5372.499968 14.0000256 12.9999872
1 5082.999808 11851.500032 30.0000256 55.000064
1 5085.499904 12244.499968 20.9999872 19.0000128
1 4982.000128 12126.49984 49.9999744 39.0000128
1 4812.499968 11853.499904 16.9999872 16.9999872
1 5032.999936 12176.500224 17.9999744 15.0000128
1 5085.000192 12224.999936 16.0 16.0
1 5030.000128 12154.999808 38.0000256 28.0
1 5093.499904 11858.999808 53.000192 76.000256
1 4984.500224 12173.000192 23.0000128 22.0000256
1 4965.499904 12263.499776 120.999936 48.9999872
1 5011.999744 12192.0 33.9999744 32.0
1 4849.999872 11849.50016 17.9999744 16.9999872
1 4830.49984 11850.999808 16.9999872 17.9999744
1 5062.49984 12218.999808 27.0000128 25.9999744
1 4684.000256 11807.0000128 81.999872 60.000256
1 6677.5000064 12062.49984 43.0000128 146.999808
3 7015.499776 11921.999872 128.999936 163.999744
1 14330.500096 8271.000064 11.0000128 24.0
1 14280.999936 8236.0 16.0 14.0000256
1 14264.0 8250.999808 20.0 20.0
3 13990.000128 8470.49984 174.000128 248.999936
3 13976.0 8399.000064 142.000128 96.0
1 15399.4999808 6234.500096 19.0000128 15.0000128
1 15558.000128 6264.999936 17.9999744 17.9999744
1 15586.500096 6649.999872 35.0000128 12.0
1 15538.500096 6260.499968 12.9999872 12.9999872
1 15614.49984 6258.999808 16.9999872 14.0000256
1 15437.499904 6385.999872 16.9999872 17.9999744
1 15481.50016 6401.50016 31.0000128 31.0000128
1 15644.000256 6394.500096 16.0 15.0000128
1 15681.999872 6390.49984 16.0 12.9999872
1 15580.000256 6262.49984 16.0 15.0000128
1 15536.500224 6247.000064 19.0000128 16.0
1 15582.000128 6396.000256 20.0 17.9999744
1 15719.000064 6386.999808 17.9999744 20.0
1 15579.500032 6234.999808 15.0000128 16.0
1 15544.999936 6393.999872 17.9999744 16.0
1 15553.999872 6235.500032 16.0 15.0000128
1 15519.000064 6405.499904 25.9999744 24.9999872
1 10620.000256 11015.000064 56.0 70.000128
1 10572.000256 11066.999808 46.0000256 64.0
1 10607.499776 11134.49984 88.999936 35.0000128
1 10364.499968 11031.499776 24.9999872 23.0000128
1 10298.999808 10834.999808 78.000128 57.999872
1 10641.999872 11085.499904 24.0 27.0000128
1 10633.50016 11086.49984 55.000064 32.9999872
1 10575.499776 11081.50016 40.9999872 32.9999872
1 10337.50016 11087.499776 66.999808 47.0000128
1 10694.000128 11250.999808 25.9999744 24.0
1 10403.500032 11025.50016 23.0000128 16.9999872
1 10420.499968 11063.000064 31.0000128 30.0000256
1 10474.999808 11055.499776 38.0000256 40.9999872
1 10640.500224 11195.500032 106.999808 66.999808
1 10444.499968 11029.000192 32.9999872 25.9999744
1 10508.000256 11017.50016 38.0000256 31.0000128
4 15084.000256 11478.000128 65.999872 44.0
2 15187.999744 11479.499776 30.0000256 27.0000128
2 15233.999872 11477.499904 30.0000256 24.9999872
1 14252.000256 8035.999744 28.0 22.0000256
1 14236.000256 7992.999936 22.0000256 22.0000256
1 14240.500224 8036.499968 19.0000128 16.9999872
1 14103.000064 7885.000192 16.0 17.9999744
1 14257.50016 8056.999936 15.0000128 14.0000256
1 14126.49984 7917.499904 15.0000128 15.0000128
1 14168.500224 7944.0 44.9999872 46.0000256
1 11734.000128 2976.0 16.0 14.0000256
1 11344.500224 2842.5000959999998 39.0000128 39.0000128
1 11389.000192 2821.4999040000002 28.0 24.9999872
1 11728.999936 3054.49984 89.999872 35.0000128
1 11763.999744 2898.5000959999998 24.0 44.9999872
1 11724.000256 2899.500032 62.000128 66.999808
1 11716.499968 3013.000192 16.9999872 17.9999744
1 11601.999872 2688.999936 38.0000256 38.0000256
1 11768.999936 2999.499776 14.0000256 20.9999872
1 11741.499904 2992.500224 28.9999872 27.0000128
1 11442.500096 2694.000128 117.000192 67.999744
1 11742.49984 2824.0 31.0000128 33.9999744
1 11408.500224 2770.999808 15.0000128 16.0
1 11356.000256 2772.499968 83.999744 48.9999872
1 11697.50016 2792.999936 63.000064 49.9999744
1 10065.999872 7689.5000064 46.0000256 19.0000128
1 9712.0 11800.0 32.0 46.0000256
1 9650.500096 11872.500224 63.000064 55.000064
1 9657.999872 11998.49984 108.000256 96.999936
0 9520.500224 12208.0 410.999808 160.0
1 10989.499904 2555.500032 53.000192 8.9999872
1 10917.499904 2415.499776 35.0000128 28.9999872
1 10780.9999872 2537.50016 57.999872 44.9999872
1 11032.500224 2354.999808 64.999936 38.0000256
1 11104.999936 2534.49984 76.000256 51.0000128
1 10847.499776 2474.999808 77.000192 88.0
1 11106.500096 2344.999936 31.0000128 32.0
3 2594.4999936 2078.4999936 66.999808 61.000192
1 13559.000064 7503.000064 44.0 32.0
1 13609.999872 7626.500096 38.0000256 48.9999872
1 13324.0 7651.999744 24.0 20.0
1 13591.000064 7587.500032 22.0000256 19.0000128
1 13348.5000192 7645.499904 12.9999872 11.0000128
1 13344.9999872 7608.999936 12.0 9.9999744
1 13323.4999808 7673.999872 15.0000128 12.0
1 13560.0 7528.999936 60.000256 67.999744
1 13316.99999744 7578.999808 9.9999744 16.0
1 13356.0 7675.500032 16.0 8.9999872
1 13521.999872 7455.499776 99.999744 63.000064
1 13343.0000128 7595.500032 14.0000256 15.0000128
1 13590.49984 7667.999744 27.0000128 24.0
1 13414.49984 7670.49984 23.0000128 19.0000128
1 12552.0 4089.999872 30.0000256 12.0
1 12517.499904 4072.0 23.0000128 24.0
1 12463.499776 3957.4999040000002 55.000064 39.0000128
1 12537.999872 3932.000256 30.0000256 25.9999744
1 12502.000128 4008.500224 30.0000256 20.9999872
1 12360.500224 4088.999936 19.0000128 14.0000256
1 12506.500096 3955.999744 23.0000128 25.9999744
1 12502.000128 4043.500032 24.0 24.9999872
1 12523.500032 4047.499776 15.0000128 16.9999872
1 12535.000064 3975.000064 28.0 24.0
1 12544.0 4058.999808 32.0 30.0000256
1 12433.999872 3909.4999040000002 38.0000256 36.9999872
3 15352.0 12311.0000128 16.0 32.0
1 15217.999872 12413.000192 16.0 16.0
1 15068.499968 12698.500096 88.999936 80.999936
1 15237.499904 12375.000064 39.0000128 25.9999744
1 15058.500096 12613.000192 66.999808 64.0
1 12130.999808 4254.49984 17.9999744 16.9999872
1 12160.500224 4116.9999872 64.999936 40.0
1 12095.499776 4241.50016 19.0000128 15.0000128
1 12044.499968 4160.0 48.9999872 30.0000256
1 12117.000192 4241.999872 14.0000256 12.0
1 12160.500224 4218.500096 20.9999872 16.9999872
1 12096.999936 4144.0 20.0 24.0
1 12176.500224 4247.499776 20.9999872 16.9999872
1 12063.499776 4166.49984 23.0000128 20.9999872
1 12173.499904 4154.500096 31.0000128 27.0000128
1 12210.500096 4181.499904 39.0000128 35.0000128
1 12040.999936 4270.49984 51.999744 47.0000128
1 12250.500096 4373.499904 43.0000128 39.0000128
1 12098.500096 4317.499904 63.000064 61.000192
1 12032.0 4157.499904 24.0 23.0000128
1 8170.500096 10935.000064 12.9999872 12.0
1 8186.500096 11123.999744 11.0000128 17.9999744
1 8072.500224 10965.499904 16.9999872 15.0000128
1 8181.000192 10956.499968 22.0000256 23.0000128
1 8144.999936 10936.0 12.0 12.0
1 8070.49984 10901.499904 12.9999872 11.0000128
1 8078.000128 10887.499776 14.0000256 12.9999872
1 8122.500096 10989.000192 19.0000128 17.9999744
1 8186.999808 11133.499904 9.9999744 16.9999872
1 8085.499904 10887.499776 16.9999872 12.9999872
1 8087.499776 10989.499904 28.9999872 23.0000128
1 8131.500032 10885.499904 19.0000128 16.9999872
1 7821.499904 10767.0000128 16.9999872 20.0
1 8181.000192 10925.000192 14.0000256 12.0
1 8116.499968 10953.999872 11.0000128 12.0
1 8107.500032 10887.000064 16.9999872 16.0
1 8098.500096 10954.500096 16.9999872 12.9999872
1 8154.500096 10880.0 12.9999872 12.0
1 8068.499968 10947.500032 12.9999872 12.9999872
1 8101.499904 10936.999936 19.0000128 14.0000256
1 8125.499904 10965.000192 16.9999872 16.0
1 8066.500096 10926.000128 16.9999872 17.9999744
1 8130.500096 10947.500032 16.9999872 15.0000128
3 7213.5000064 8615.499776 47.0000128 47.0000128
1 7416.999936 8256.999936 25.9999744 36.0
1 7606.000128 8198.4999936 49.9999744 12.9999872
1 7474.999808 8207.4999808 78.000128 31.0000128
1 7548.000256 8339.500032 25.9999744 24.9999872
1 7526.49984 8334.49984 69.000192 35.0000128
1 7457.50016 8349.499904 61.000192 43.0000128
1 7440.999936 8262.49984 72.0 55.000064
1 7603.500032 8232.5000192 39.0000128 44.9999872
1 7407.499776 8204.0 24.9999872 24.0
1 7606.000128 8343.499776 54.000128 48.9999872
1 7532.000256 8245.499904 49.9999744 32.9999872
1 7511.000064 8329.50016 41.9999744 31.0000128
1 13106.999808 6591.000064 28.0 30.0000256
1 13281.999872 6179.4999808 60.000256 71.000064
1 9302.49984 8626.999808 19.0000128 17.9999744
1 9305.50016 8595.999744 16.9999872 12.0
1 9276.000256 8622.000128 12.0 16.0
1 9228.5000192 8592.0 12.9999872 9.9999744
1 9260.5000192 8617.50016 16.9999872 20.9999872
1 9294.49984 8626.999808 24.9999872 20.0
1 9383.000064 8628.499968 25.9999744 23.0000128
1 9477.000192 8643.999744 28.0 25.9999744
0 8936.500224 6601.999872 423.000064 105.999872
1 8897.999872 6174.4999936 38.0000256 36.9999872
1 4434.999808 10823.499776 51.999744 36.9999872
1 4100.0 11056.999936 8.0 9.9999744
1 4405.499904 10788.0 53.000192 44.0
1 4578.500096 11054.49984 15.0000128 8.9999872
1 4574.49984 11219.500032 24.9999872 19.0000128
1 4305.999872 10919.000064 48.0 48.0
1 4108.9999872 11058.500096 9.9999744 11.0000128
1 4592.999936 11198.49984 16.0 15.0000128
1 4407.499776 11068.499968 23.0000128 23.0000128
1 4385.999872 10928.999936 89.999872 83.999744
1 4339.500032 10806.000128 20.9999872 20.0
1 4200.500224 11087.499776 15.0000128 12.9999872
1 4251.500032 11074.999808 15.0000128 12.0
1 4582.49984 11131.500032 40.9999872 28.9999872
1 4171.500032 11089.50016 11.0000128 11.0000128
1 4131.4999808 11065.999872 19.0000128 16.0
1 4315.500032 11075.999744 15.0000128 12.0
1 4336.0 11072.999936 14.0000256 16.0
1 4214.000128 11088.500224 12.0 11.0000128
1 4184.999936 11089.50016 14.0000256 12.9999872
1 4361.50016 11068.499968 19.0000128 15.0000128
1 4275.999744 11078.49984 20.0 15.0000128
1 4576.999936 11070.000128 17.9999744 14.0000256
1 4573.000192 11200.0 17.9999744 16.0
1 4294.000128 11078.49984 12.0 11.0000128
1 4158.49984 11081.999872 16.9999872 14.0000256
1 4434.999808 11072.500224 22.0000256 16.9999872
1 4577.999872 11101.499904 22.0000256 19.0000128
1 4552.500224 11191.499776 23.0000128 19.0000128
1 4231.000064 11082.999808 16.0 14.0000256
1 15605.499904 7310.49984 16.9999872 15.0000128
1 15654.49984 7305.50016 19.0000128 12.9999872
1 15623.499776 7286.000128 19.0000128 17.9999744
1 15623.000064 7273.50016 17.9999744 12.9999872
1 15497.999872 7599.499776 195.999744 71.000064
1 15541.000192 7302.000128 14.0000256 12.0
1 15573.000192 7314.999808 14.0000256 14.0000256
1 15595.500032 7233.999872 53.000192 30.0000256
1 15578.999808 7314.500096 16.0 12.9999872
1 15628.000256 7305.50016 20.0 15.0000128
1 15536.500224 7319.499776 20.9999872 19.0000128
1 15447.000064 7351.499776 24.0 23.0000128
1 15559.000064 7188.0 62.000128 40.0
1 15655.499776 7286.49984 24.9999872 20.9999872
1 15557.000192 7317.000192 14.0000256 14.0000256
1 13288.999936 7473.999872 16.0 14.0000256
1 12904.999936 7525.000192 24.0 20.0
1 12899.500032 7601.50016 15.0000128 16.9999872
1 12860.000256 7512.999936 16.0 14.0000256
1 13004.499968 7659.500032 15.0000128 15.0000128
1 13274.999808 7594.999808 17.9999744 14.0000256
1 12901.499904 7554.500096 11.0000128 11.0000128
1 12938.999808 7659.500032 144.0 40.9999872
1 13278.000128 7520.999936 16.0 16.0
1 12840.5000192 7557.499904 15.0000128 12.9999872
1 12883.999744 7457.999872 17.9999744 16.0
1 13265.50016 7571.999744 15.0000128 20.0
1 12807.0000128 7518.000128 14.0000256 25.9999744
1 12905.50016 7538.999808 27.0000128 16.0
1 12844.9999872 7193.5000064 89.999872 51.0000128
1 12872.0 7674.500096 24.0 11.0000128
1 12952.0 7506.500096 24.0 19.0000128
1 12920.0 7665.999872 73.999872 28.0
1 13270.000128 7553.999872 12.0 12.0
1 13284.499968 7570.999808 19.0000128 17.9999744
1 12929.999872 7506.500096 14.0000256 15.0000128
1 12895.000064 7484.499968 20.0 12.9999872
1 12913.50016 7355.500032 27.0000128 20.9999872
1 12877.499904 7536.0 11.0000128 12.0
1 12849.9999744 7450.999808 16.0 14.0000256
1 12943.499776 7503.000064 39.0000128 30.0000256
1 12957.499904 7549.499904 19.0000128 19.0000128
1 12898.500096 7625.50016 12.9999872 15.0000128
1 12827.4999808 7602.500096 35.0000128 24.9999872
1 12824.5000192 7558.000128 11.0000128 12.0
1 12998.000128 7513.999872 36.0 36.0
1 12886.49984 7474.500096 15.0000128 15.0000128
1 12812.5000192 7576.999936 19.0000128 20.0
1 12860.499968 7493.499904 15.0000128 11.0000128
1 12865.50016 7437.499904 27.0000128 24.9999872
1 13032.500224 7625.50016 24.9999872 20.9999872
1 13294.000128 7554.500096 14.0000256 15.0000128
1 12898.500096 7503.499776 24.9999872 19.0000128
1 13304.999936 7577.50016 14.0000256 16.9999872
1 13289.50016 7581.000192 15.0000128 16.0
1 12974.49984 7451.500032 23.0000128 31.0000128
1 12825.5000064 7494.49984 19.0000128 20.9999872
1 12804.99999744 7670.000128 9.9999744 17.9999744
1 12890.999808 7529.999872 12.0 14.0000256
1 12854.49984 7482.999808 15.0000128 14.0000256
1 12808.0 7554.999808 16.0 16.0
1 12985.50016 7478.49984 23.0000128 19.0000128
1 12934.49984 7441.50016 20.9999872 24.9999872
1 13009.999872 7600.0 32.0 24.0
1 12853.499904 7466.500096 16.9999872 15.0000128
1 12838.0000256 7525.000192 16.0 16.0
1 12911.000064 7595.500032 33.9999744 24.9999872
1 12912.999936 7616.500224 14.0000256 12.9999872
1 12858.500096 7508.499968 15.0000128 12.9999872
1 12925.000192 7556.499968 32.0 20.9999872
1 12861.499904 7521.999872 12.9999872 12.0
1 12947.999744 7384.999936 44.0 46.0000256
5 13711.499776 10420.499968 19.0000128 19.0000128
3 13481.999872 10387.999744 60.000256 97.999872
1 4320.0 11806.4999936 24.0 16.9999872
1 4250.999808 11876.499968 24.0 24.9999872
1 4266.999808 11865.50016 14.0000256 16.9999872
0 4498.999808 12209.50016 211.999744 154.999808
1 4281.50016 11865.999872 16.9999872 17.9999744
1 4322.999808 11836.499968 49.9999744 55.000064
1 4318.49984 11786.4999936 24.9999872 20.9999872
1 12541.000192 9238.0000256 32.0 17.9999744
1 12413.499904 9698.500096 28.9999872 35.0000128
3 12578.999808 9534.49984 72.0 95.000064
3 12315.0000128 9437.499904 54.000128 120.999936
3 12467.500032 9705.999872 56.999936 44.0
1 15687.000064 11324.499968 25.9999744 16.9999872
1 15689.50016 11272.5000192 48.9999872 16.9999872
1 15808.0 11449.999872 32.0 24.0
1 15718.000128 11627.500032 25.9999744 20.9999872
1 15721.50016 11464.500224 16.9999872 15.0000128
1 15865.999872 11336.500224 12.0 15.0000128
1 15729.50016 11483.500032 23.0000128 19.0000128
1 15756.499968 11553.999872 53.000192 32.0
1 15798.49984 11548.499968 15.0000128 16.9999872
1 15686.000128 11297.5000064 32.0 28.9999872
1 15847.499776 11440.500224 47.0000128 44.9999872
1 15823.000064 11342.49984 14.0000256 11.0000128
1 15697.50016 11609.999872 23.0000128 22.0000256
1 15748.499968 11347.500032 15.0000128 12.9999872
1 15847.499776 11541.000192 16.9999872 16.0
1 15818.999808 11546.999808 16.0 14.0000256
1 15791.499776 11345.50016 16.9999872 12.9999872
1 15766.49984 11347.500032 12.9999872 12.9999872
1 15849.50016 11338.500096 19.0000128 16.9999872
1 12080.999936 13565.000192 33.9999744 25.9999744
1 11851.500032 13783.000064 23.0000128 20.0
1 12065.50016 13537.999872 19.0000128 20.0
1 12024.999936 13370.999808 20.0 22.0000256
1 11884.000256 13762.500096 14.0000256 12.9999872
1 11839.000064 13771.500032 12.0 12.9999872
1 11822.0000256 13777.999872 16.0 17.9999744
1 11902.000128 13762.500096 14.0000256 15.0000128
1 14421.000192 3622.0000256 16.0 16.0
3 14603.500032 3734.000128 253.000192 113.999872
1 14405.499904 3706.999808 16.9999872 17.9999744
3 14671.499776 3762.999808 352.999936 192.0
1 14392.500224 3593.9999744 20.9999872 17.9999744
1 14432.999936 3672.500224 16.0 15.0000128
1 14433.999872 3651.999744 17.9999744 17.9999744
1 7831.000064 6543.499776 28.0 24.9999872
1 7836.000256 6555.500032 16.0 12.9999872
1 7901.499904 6455.499776 31.0000128 24.9999872
1 7829.499904 6540.000256 16.9999872 16.0
1 7835.500032 6568.999936 15.0000128 14.0000256
1 7900.499968 6479.000064 28.9999872 20.0
1 7837.499904 6585.50016 15.0000128 12.9999872
1 7842.500096 6554.999808 16.9999872 14.0000256
1 7974.000128 6453.000192 33.9999744 33.9999744
1 7866.500096 6625.999872 31.0000128 30.0000256
1 7938.500096 6460.000256 31.0000128 30.0000256
1 8880.999936 2384.999936 51.999744 41.9999744
1 8869.499904 2376.999936 27.0000128 28.0
1 8895.499776 2405.000192 24.9999872 22.0000256
1 8912.999936 2522.999808 20.0 22.0000256
1 8894.000128 2381.4999040000002 17.9999744 19.0000128
1 8937.50016 2541.4999040000002 24.9999872 24.9999872
1 8904.999936 2496.500224 22.0000256 20.9999872
1 8886.000128 2436.499968 32.0 27.0000128
1 3137.999872 3447.000064 17.9999744 20.0
1 3155.999744 3280.500224 62.000128 36.9999872
1 3150.49984 3290.500096 24.9999872 23.0000128
1 3076.99999744 3252.499968 9.9999744 32.9999872
1 3174.000128 3171.999744 20.0 20.0
1 3189.499904 3344.0 32.9999872 36.0
1 3171.500032 3092.9999872 58.999808 41.9999744
1 3181.000192 3276.499968 25.9999744 24.9999872
1 3401.999872 3222.000128 24.0 14.0000256
1 3186.500096 3305.999872 35.0000128 30.0000256
1 3282.500096 3152.0 12.9999872 12.0
1 3084.9999872 3277.000192 25.9999744 22.0000256
1 3381.000192 3253.000192 12.0 16.0
1 3157.000192 3150.000128 20.0 20.0
1 3392.500224 3254.000128 12.9999872 14.0000256
1 3116.5000191999998 3206.49984 55.000064 43.0000128
1 3368.500224 3250.999808 19.0000128 20.0
1 3157.000192 3123.999744 14.0000256 14.0000256
1 3312.500224 3233.999872 19.0000128 17.9999744
1 3108.9999872 3116.0 56.0 33.9999744
1 3084.0 3311.000064 24.0 41.9999744
1 3135.499776 3350.49984 77.000192 40.9999872
1 3286.000128 3169.50016 16.0 16.9999872
1 3081.9999744 3188.499968 20.0 23.0000128
1 3406.000128 3251.500032 12.0 16.9999872
1 3312.999936 3264.999936 17.9999744 17.9999744
1 3112.9999872 3238.49984 22.0000256 23.0000128
1 3107.0000128 3152.500224 41.9999744 36.9999872
1 3168.0 3227.500032 56.0 51.0000128
1 3420.499968 3248.500224 15.0000128 16.9999872
1 7939.500032 3696.999936 32.9999872 28.0
1 7737.999872 4005.000192 60.000256 41.9999744
1 8183.000064 3673.50016 17.9999744 16.9999872
1 7721.9999744 4005.4999040000002 28.0 23.0000128
1 7754.500096 4008.500224 23.0000128 27.0000128
1 7783.499776 4026.999808 31.0000128 30.0000256
1 8132.499968 3647.499776 40.9999872 35.0000128
1 7947.500032 3664.500224 36.9999872 31.0000128
1 8023.000064 3685.499904 38.0000256 31.0000128
1 8081.50016 3665.999872 36.9999872 32.0
1 8179.500032 3623.0000128 24.9999872 38.0000256
1 7929.50016 3612.5000192 35.0000128 35.0000128
1 8008.500224 3642.999808 36.9999872 33.9999744
1 10170.500096 8492.499968 28.9999872 27.0000128
1 9824.500224 8497.50016 44.9999872 43.0000128
1 9834.999808 8502.000128 25.9999744 33.9999744
1 10161.999872 8422.49984 33.9999744 53.000192
1 10163.500032 8376.500224 31.0000128 24.9999872
1 9986.500096 8437.000192 23.0000128 25.9999744
1 9982.000128 8694.49984 56.0 19.0000128
1 10166.49984 8610.500096 32.9999872 28.9999872
1 9958.000128 8607.000064 46.0000256 51.999744
1 9879.499776 8502.000128 36.9999872 28.0
1 10166.49984 8656.0 24.9999872 22.0000256
1 10026.999808 8472.999936 25.9999744 20.0
1 10169.999872 8579.999744 28.0 22.0000256
1 9751.0000128 8530.500096 46.0000256 63.000064
1 8556.499968 7314.500096 31.0000128 27.0000128
1 8614.000128 7179.4999808 32.0 23.0000128
1 8203.4999808 7341.000192 23.0000128 60.000256
1 8514.500096 7641.999872 43.0000128 36.0
1 8288.0 7196.9999872 17.9999744 14.0000256
1 8614.49984 7304.500224 79.000064 36.9999872
1 8282.999808 7217.5000064 22.0000256 16.9999872
1 8244.499968 7206.4999936 23.0000128 12.9999872
1 8523.500032 7306.500096 19.0000128 16.9999872
1 8264.500224 7216.5000192 15.0000128 12.9999872
1 8499.500032 7305.999872 20.9999872 17.9999744
1 8305.50016 7301.000192 16.9999872 16.0
1 8676.499968 7301.499904 35.0000128 32.9999872
1 8251.500032 7289.999872 40.9999872 33.9999744
1 8318.49984 7219.999744 23.0000128 20.0
1 8290.999808 7304.500224 22.0000256 20.9999872
1 8314.500096 7260.000256 31.0000128 25.9999744
1 8274.500096 7238.49984 23.0000128 19.0000128
1 8296.500224 7280.500224 19.0000128 19.0000128
1 11812.5000192 7272.0 35.0000128 24.0
1 11823.0000128 7207.4999808 20.0 16.9999872
1 11811.4999808 7285.000192 40.9999872 44.0
1 12045.000192 7669.000192 40.0 22.0000256
1 11800.0 7346.999808 48.0 73.999872
1 11819.0000128 7242.999808 51.999744 38.0000256
1 12055.000064 7583.499776 51.999744 53.000192
1 11837.000192 7389.499904 25.9999744 23.0000128
1 12044.000256 7529.999872 56.0 44.0
1 11810.4999936 7425.999872 27.0000128 30.0000256
1 12078.49984 7633.50016 51.0000128 48.9999872
0 12068.499968 7293.499904 383.000064 250.999808
1 14720.500224 7975.499776 35.0000128 32.9999872
1 14363.0000128 7949.499904 24.0 16.9999872
1 14826.500096 7954.999808 32.9999872 32.0
1 14768.500224 7801.999872 16.9999872 20.0
1 14792.0 7830.49984 48.0 20.9999872
1 14801.50016 7880.0 32.9999872 24.0
1 14728.0 8013.499904 44.0 28.9999872
1 14723.999744 7828.499968 9.9999744 8.9999872
1 14405.499904 7948.000256 23.0000128 17.9999744
1 14701.499904 7912.999936 19.0000128 17.9999744
1 14472.999936 7928.0 12.0 12.0
1 14430.000128 7945.50016 14.0000256 12.9999872
1 14385.9999744 7946.999808 16.0 16.0
1 14485.000192 7928.0 12.0 12.0
1 14793.999872 7803.500032 40.0 27.0000128
1 14722.500096 7947.500032 23.0000128 16.9999872
1 14700.499968 7891.999744 20.9999872 17.9999744
1 14692.499968 7836.000256 27.0000128 22.0000256
1 14706.999808 7888.500224 32.0 20.9999872
1 14450.500096 7944.500224 16.9999872 12.9999872
1 14493.499904 7945.50016 12.9999872 12.9999872
1 14478.000128 7943.000064 14.0000256 12.0
1 14722.500096 7927.000064 19.0000128 20.0
1 5293.499904 2135.499776 39.0000128 24.9999872
1 5590.000128 2269.499904 36.0 31.0000128
1 5596.499968 2412.000256 24.9999872 22.0000256
1 5305.50016 2486.49984 16.9999872 16.9999872
1 5600.500224 2430.49984 20.9999872 16.9999872
1 5309.000192 2163.500032 16.0 16.9999872
1 5601.999872 2169.50016 40.0 39.0000128
1 5539.999744 2111.499776 25.9999744 24.9999872
1 5507.999744 2422.49984 108.000256 79.000064
1 5285.499904 2400.999936 48.9999872 60.000256
1 5162.4999936 2200.0 23.0000128 20.0
1 5551.499776 2210.500096 71.000064 63.000064
1 11555.999744 5640.0 48.0 16.0
1 11299.0000128 5966.000128 20.0 14.0000256
1 11671.499776 5697.999872 95.000064 76.000256
1 11555.999744 5679.4999808 30.0000256 28.9999872
1 11567.499776 6012.499968 31.0000128 27.0000128
1 11749.000192 5664.5000192 54.000128 63.000064
1 11596.000256 5683.999744 25.9999744 22.0000256
1 9865.50016 8777.999872 16.9999872 16.0
1 9784.500224 9014.000128 112.999936 168.0
1 9857.50016 8794.500096 23.0000128 19.0000128
1 9924.499968 8786.500096 39.0000128 20.9999872
1 9985.50016 8751.0000128 63.000064 54.000128
1 9937.50016 8757.000192 27.0000128 24.0
1 10009.999872 8791.000064 44.0 41.9999744
1 10031.000064 8911.499776 25.9999744 28.9999872
1 9885.000192 8790.49984 17.9999744 19.0000128
3 8165.000192 9228.9999872 54.000128 25.9999744
2 7775.000064 9309.000192 30.0000256 28.0
1 6502.000128 7597.499904 17.9999744 15.0000128
1 6509.000192 7514.999808 20.0 16.0
1 6648.500224 7488.0 15.0000128 17.9999744
1 6522.999808 7531.500032 14.0000256 12.9999872
1 6501.000192 7671.499776 20.0 16.9999872
1 6496.999936 7632.0 16.0 14.0000256
1 6506.500096 7541.000192 16.9999872 16.0
1 6521.50016 7544.999936 12.9999872 12.0
1 6639.499776 7520.999936 32.9999872 36.0
1 6496.0 7565.499904 32.0 27.0000128
1 6500.499968 7612.499968 16.9999872 16.9999872
1 6626.999808 7625.50016 48.0 44.9999872
3 8143.499776 5568.999936 95.000064 126.000128
1 6462.49984 11565.000192 23.0000128 32.0
1 6463.000064 11455.000064 25.9999744 28.0
1 5447.000064 13324.5000192 41.9999744 24.9999872
1 5436.499968 13539.500032 98.999808 74.999808
1 5537.999872 13530.500096 41.9999744 43.0000128
0 5592.0 13520.999936 78.000128 227.999744
1 7746.500096 8216.5000192 36.9999872 32.9999872
1 7952.500224 8243.0000128 23.0000128 20.0
1 7959.000064 8199.0000128 24.0 14.0000256
1 7956.499968 8220.5000192 27.0000128 19.0000128
1 7955.999744 8279.000064 32.0 25.9999744
1 7432.500224 8086.000128 27.0000128 24.0
1 7548.000256 8156.499968 54.000128 64.999936
1 7482.500096 8158.000128 56.999936 65.999872
1 7470.000128 8016.0 56.0 56.0
1 7473.50016 8111.499776 27.0000128 20.9999872
1 7516.499968 8157.499904 117.000192 69.000192
1 7608.0 8176.500224 46.0000256 31.0000128
1 7547.500032 8032.999936 87.000064 48.0
1 7671.000064 8022.000128 17.9999744 44.0
1 7627.500032 8116.499968 87.000064 61.000192
1 7630.000128 8028.499968 57.999872 48.9999872
1 10517.499904 3158.000128 77.000192 105.999872
1 10524.499968 3181.499904 82.999808 51.0000128
1 10409.50016 3082.4999936 36.9999872 20.9999872
1 10417.50016 3102.0000256 19.0000128 16.0
1 10470.000128 3092.5000192 44.0 40.9999872
1 1028.49999872 11253.499904 8.9999872 20.9999872
5 1454.0001280000001 10883.999744 14.0000256 16.0
4 1181.499904 11225.999872 36.9999872 32.0
2 1183.000064 11254.000128 30.0000256 20.0
1 1442.500096 10978.500096 20.9999872 20.9999872
1 8046.000128 11791.4999808 38.0000256 31.0000128
1 7886.000128 11955.999744 57.999872 46.0000256
1 7928.0 11874.999808 44.0 38.0000256
1 8130.999808 11787.4999808 48.0 23.0000128
1 7903.000064 12076.499968 46.0000256 40.9999872
1 7845.000192 12086.49984 48.0 43.0000128
1 8137.50016 12056.0 31.0000128 28.0
1 7894.000128 12014.000128 44.0 40.0
1 7818.999808 11955.999744 44.0 38.0000256
1 7760.999936 11961.999872 44.0 40.0
1 7723.4999808 11784.5000192 47.0000128 16.9999872
1 7829.000192 12022.000128 44.0 40.0
1 7734.000128 11837.000192 46.0000256 40.0
1 7781.499904 12094.49984 55.000064 43.0000128
1 7749.000192 11904.500224 40.0 39.0000128
1 7919.499776 11808.9999872 44.9999872 40.0
1 7810.999808 11891.500032 46.0000256 39.0000128
1 7769.50016 12035.999744 51.0000128 44.0
1 7871.499776 11883.500032 47.0000128 39.0000128
1 7797.000192 11828.499968 44.0 40.9999872
1 7859.500032 11820.0 47.0000128 38.0000256
1 3485.4999040000002 12154.999808 28.9999872 32.0
1 3527.499776 12272.999936 23.0000128 25.9999744
1 3360.999936 12266.999808 28.0 24.0
1 14761.50016 7232.500224 48.9999872 28.9999872
1 14840.0 7267.500032 16.0 19.0000128
1 14679.000064 7545.50016 32.0 23.0000128
1 14633.50016 7252.499968 44.9999872 19.0000128
1 14680.999936 7589.499904 38.0000256 39.0000128
1 14638.000128 7420.000256 32.0 22.0000256
1 14652.000256 7248.999936 22.0000256 16.0
1 14597.000192 7324.000256 16.0 14.0000256
1 14621.499904 7256.0 23.0000128 16.0
1 14590.49984 7295.499776 16.9999872 12.9999872
1 14704.500224 7544.500224 16.9999872 19.0000128
5 14815.499776 7668.499968 19.0000128 16.9999872
1 14608.500224 7378.999808 20.9999872 17.9999744
1 14605.000192 7360.500224 16.0 12.9999872
1 14718.49984 7239.499776 15.0000128 15.0000128
1 14705.999872 7652.499968 40.0 39.0000128
1 14593.50016 7310.49984 15.0000128 12.9999872
1 14626.999808 7383.499776 16.0 15.0000128
1 14638.000128 7456.0 24.0 32.0
1 14600.999936 7342.49984 20.0 19.0000128
3 2022.49984 4252.000256 51.0000128 67.999744
3 1849.9998719999999 4152.0 179.999744 112.0
1 15887.4999808 11443.999744 31.0000128 38.0000256
1 16136.999936 11300.5000192 38.0000256 39.0000128
1 11965.499904 6208.0 28.9999872 24.0
1 11975.499776 6471.000064 19.0000128 17.9999744
1 11985.999872 6558.49984 14.0000256 12.9999872
1 12252.000256 6241.50016 36.0 64.999936
1 11780.99999744 6188.5000192 9.9999744 27.0000128
3 11894.49984 6639.499776 66.999808 32.9999872
1 12265.50016 6159.4999808 44.9999872 31.0000128
1 12043.500032 6175.0000128 58.999808 40.0
0 12025.50016 6442.999808 488.999936 425.999872
1 12129.999872 6161.5000064 16.0 15.0000128
1 12255.000064 6260.499968 28.0 23.0000128
1 12057.50016 6629.000192 61.000192 54.000128
1 12002.500096 6544.500224 28.9999872 27.0000128
1 11976.999936 6206.000128 51.999744 33.9999744
1 8048.500224 8055.499776 61.000192 24.9999872
1 7802.999808 8029.499904 80.0 53.000192
1 7897.50016 8150.000128 58.999808 28.0
1 7840.500224 8145.50016 12.9999872 12.9999872
1 7872.999936 8042.999808 17.9999744 16.0
1 8076.499968 8121.999872 28.9999872 28.0
1 7856.0 8135.000064 16.0 14.0000256
1 8041.999872 8032.999936 16.0 12.0
1 8019.500032 8029.499904 11.0000128 8.9999872
1 8061.499904 8033.50016 12.9999872 11.0000128
1 7700.9999872 8014.49984 40.0 36.9999872
1 7739.500032 8019.999744 43.0000128 54.000128
1 7997.499904 8053.000192 23.0000128 20.0
1 8795.500032 6675.0000128 16.9999872 16.0
1 8920.0 6901.499904 16.0 15.0000128
1 8755.0000128 7158.000128 24.0 20.0
1 8764.499968 7152.999936 11.0000128 12.0
1 9007.499776 6760.500224 32.9999872 51.0000128
0 8976.0 6691.4999808 337.999872 71.000064
0 8936.500224 6766.000128 421.000192 220.000256
1 8218.4999936 2815.000064 53.000192 36.0
1 8215.4999808 3049.999872 47.0000128 41.9999744
1 8230.4999936 2811.500032 31.0000128 27.0000128
1 8213.5000064 2965.000192 43.0000128 214.000128
1 8204.0 2815.000064 24.0 25.9999744
1 11822.0000256 3034.999808 40.0 38.0000256
1 11780.49999872 3034.5000959999998 8.9999872 23.0000128
1 11792.9999872 3035.500032 14.0000256 15.0000128
1 12241.50016 2600.9999872 20.9999872 17.9999744
1 12224.0 2653.000192 24.0 24.0
1 12242.500096 2680.500224 24.9999872 20.9999872
1 12200.500224 2655.499776 15.0000128 12.9999872
1 12195.999744 2568.5000192 14.0000256 15.0000128
1 12160.500224 2670.49984 19.0000128 19.0000128
3 12219.500032 2784.999936 64.999936 32.0
1 12793.999872 4717.499904 12.0 12.9999872
1 12745.999872 4873.999872 16.0 12.0
1 12754.500096 4654.0000256 20.9999872 17.9999744
1 12793.999872 4732.499968 12.0 23.0000128
1 12711.499776 4910.49984 20.9999872 23.0000128
1 12663.499776 4761.50016 27.0000128 28.9999872
1 12683.500032 4782.000128 16.9999872 16.0
1 12723.500032 4895.000064 15.0000128 16.0
1 12775.499776 4886.49984 20.9999872 19.0000128
1 12742.49984 4889.999872 16.9999872 17.9999744
1 5163.0000128 2808.500224 25.9999744 23.0000128
1 5522.999808 2892.499968 16.0 16.9999872
1 5251.999744 2996.499968 44.0 32.9999872
1 5436.000256 2950.000128 51.999744 28.0
1 5542.49984 2716.499968 16.9999872 16.9999872
1 5258.500096 2962.5000959999998 15.0000128 15.0000128
1 5285.499904 2811.500032 15.0000128 15.0000128
1 5434.500096 2936.500224 56.999936 58.999808
1 5612.000256 2891.500032 32.0 27.0000128
1 5511.000064 2927.000064 28.0 22.0000256
1 5218.999808 2898.999808 38.0000256 28.0
1 5173.499904 2691.999744 39.0000128 36.0
1 5147.4999808 2901.000192 28.9999872 20.0
1 5132.5000192 2720.500224 24.9999872 24.9999872
1 5584.0 2702.000128 20.0 16.0
1 5547.500032 2905.50016 53.000192 47.0000128
1 5603.500032 2850.5000959999998 56.999936 64.999936
1 5175.000064 3004.499968 57.999872 40.9999872
1 5307.500032 2830.49984 20.9999872 28.9999872
1 5160.9999872 2782.000128 28.0 24.0
1 5400.0 2935.000064 17.9999744 20.0
1 5587.500032 2679.499776 35.0000128 28.9999872
1 5267.500032 2885.000192 19.0000128 17.9999744
1 5305.999872 2823.000064 16.0 14.0000256
1 5316.499968 2877.000192 12.9999872 14.0000256
1 5335.000064 2968.500224 36.0 28.9999872
1 5207.000064 2711.499776 22.0000256 23.0000128
1 5289.50016 2880.999936 16.9999872 17.9999744
1 5448.999936 2918.49984 28.0 23.0000128
1 5253.499904 2839.000064 20.9999872 16.0
1 5568.999936 2652.499968 17.9999744 19.0000128
1 5181.499904 2907.500032 20.9999872 19.0000128
1 5131.4999808 3057.999872 23.0000128 17.9999744
1 5139.4999808 2674.500096 20.9999872 23.0000128
1 5484.499968 2901.000192 27.0000128 22.0000256
1 5215.000064 2847.000064 28.0 22.0000256
1 5302.000128 2949.4999040000002 24.0 20.9999872
1 5277.499904 2830.000128 15.0000128 16.0
1 5141.5000064 2927.000064 24.9999872 24.0
1 5224.0 2769.999872 30.0000256 25.9999744
1 5232.999936 2974.49984 24.0 23.0000128
1 6344.0 3128.500224 20.0 19.0000128
1 6346.999808 3302.49984 33.9999744 28.9999872
1 6387.500032 3141.000192 32.9999872 24.0
1 6315.500032 3176.0 47.0000128 28.0
1 6531.999744 3319.499776 20.0 16.9999872
0 6528.500224 3405.4999040000002 250.999808 354.999808
1 6195.500032 3282.500096 51.0000128 39.0000128
1 6417.50016 3400.0 31.0000128 20.0
1 6400.999936 3360.500224 25.9999744 27.0000128
1 6391.499776 3176.500224 44.9999872 35.0000128
1 6388.499968 3312.999936 36.9999872 33.9999744
1 5106.999808 12919.499776 25.9999744 53.000192
1 4891.500032 12804.49999872 24.9999872 8.9999872
1 4720.0 13027.999744 60.000256 36.0
1 4851.500032 12807.4999808 32.9999872 15.0000128
1 4686.49984 13052.000256 12.9999872 14.0000256
3 2455.499776 3286.000128 23.0000128 41.9999744
0 2488.999936 3160.0 121.999872 176.0
1 2287.499776 3362.999808 23.0000128 22.0000256
1 2292.499968 3386.999808 19.0000128 17.9999744
1 2296.0 3408.0 17.9999744 16.0
1 15300.499968 13264.999936 24.9999872 22.0000256
2 15301.000192 13264.500224 24.0 20.9999872
1 14857.9999744 13033.50016 20.0 35.0000128
1 14937.50016 12925.000192 20.9999872 17.9999744
1 14949.499904 12946.999808 12.9999872 14.0000256
1 14937.999872 13014.000128 64.0 54.000128
1 14924.499968 12947.999744 19.0000128 20.0
1 16092.500224 11178.999808 51.0000128 65.999872
3 16299.499776 10761.5000064 101.000192 19.0000128
1 16082.49984 11078.49984 27.0000128 20.9999872
3 16155.000064 10776.9999872 153.999872 49.9999744
1 16109.999872 11084.499968 17.9999744 15.0000128
1 16117.999872 11128.0 22.0000256 22.0000256
1 16111.500032 11106.500096 19.0000128 16.9999872
1 6778.999808 9099.500032 54.000128 24.9999872
1 6695.0000128 9119.000064 25.9999744 28.0
3 6679.4999808 8814.000128 47.0000128 41.9999744
1 8210.4999936 11149.000192 32.9999872 25.9999744
1 8405.000192 11195.500032 20.0 15.0000128
1 8406.000128 11189.000192 22.0000256 24.0
1 8574.000128 11240.999936 16.0 14.0000256
1 8405.499904 11078.49984 16.9999872 15.0000128
1 8198.4999936 10938.500096 12.9999872 19.0000128
1 8421.000192 11166.000128 14.0000256 14.0000256
1 8544.999936 11026.999808 16.0 14.0000256
1 8417.50016 11254.49984 39.0000128 19.0000128
1 8398.000128 11023.000064 38.0000256 30.0000256
1 8570.999808 11212.499968 24.0 20.9999872
1 8212.5000192 11134.000128 40.9999872 60.000256
1 8568.999936 11185.999872 24.0 22.0000256
1 8408.0 11218.999808 24.0 22.0000256
1 8565.000192 11154.500096 16.0 15.0000128
1 8397.499904 11153.999872 23.0000128 22.0000256
1 8396.000256 11059.999744 24.0 20.0
0 8638.000128 11104.500224 131.999744 266.999808
1 5186.500096 11070.000128 28.9999872 20.0
1 5167.0000128 10956.499968 24.0 19.0000128
1 5197.499904 11137.999872 20.9999872 17.9999744
1 5164.9999872 10940.499968 20.0 15.0000128
1 5171.500032 10972.499968 23.0000128 16.9999872
1 5160.0 10870.49984 17.9999744 16.9999872
1 5199.499776 11149.499904 23.0000128 43.0000128
1 5190.000128 11088.999936 22.0000256 17.9999744
1 5187.999744 11079.499776 33.9999744 35.0000128
1 5182.49984 11029.000192 16.9999872 14.0000256
1 5187.999744 11060.499968 36.0 74.999808
1 5176.999936 10990.49984 20.0 16.9999872
1 5182.49984 11037.000192 19.0000128 17.9999744
1 5199.499776 11112.500224 32.9999872 23.0000128
1 5196.499968 11136.999936 35.0000128 70.000128
1 5167.0000128 10925.499904 17.9999744 15.0000128
1 5184.500224 11053.000192 20.9999872 16.0
1 5200.500224 11159.000064 20.9999872 20.0
1 11768.0 13687.499776 16.0 15.0000128
1 11395.500032 13630.000128 20.9999872 20.0
1 11606.000128 13477.499904 28.0 43.0000128
5 11401.50016 13654.49984 19.0000128 20.9999872
1 11743.000064 13686.000128 20.0 16.0
1 11424.500224 13752.0 19.0000128 17.9999744
1 11401.50016 13655.000064 19.0000128 20.0
1 11344.999936 13653.000192 33.9999744 32.0
1 11330.500096 13596.000256 31.0000128 25.9999744
1 11268.99999744 13625.999872 9.9999744 24.0
1 11417.50016 13704.0 19.0000128 20.0
1 11335.000064 13622.49984 30.0000256 24.9999872
1 11638.000128 13653.499904 28.0 19.0000128
3 11459.999744 13703.499776 48.0 112.999936
1 11319.000064 13520.999936 24.0 17.9999744
1 11381.000192 13508.499968 25.9999744 20.9999872
5 11410.500096 13680.500224 23.0000128 27.0000128
2 11715.500032 13586.999808 48.9999872 48.0
1 11738.500096 13790.49984 16.9999872 16.9999872
1 11762.999808 13788.499968 17.9999744 19.0000128
1 11719.000064 13796.499968 14.0000256 15.0000128
1 14964.499968 7983.499776 88.999936 58.999808
1 15080.999936 7948.000256 36.0 24.0
1 15080.0 7893.499904 32.0 24.9999872
0 15002.500096 8116.499968 309.000192 151.000064
3 15324.499968 7844.499968 71.000064 122.999808
1 2580.5000192 13002.500096 40.9999872 55.000064
3 2736.0 12967.000064 72.0 140.000256
1 5026.500096 11030.49984 15.0000128 12.9999872
0 5057.50016 10972.000256 122.999808 440.0
1 4683.500032 11166.49984 24.9999872 23.0000128
1 4682.500096 11110.000128 16.9999872 14.0000256
1 4687.000064 11139.999744 25.9999744 22.0000256
1 4661.000192 10959.499776 17.9999744 19.0000128
1 4691.500032 11167.000064 47.0000128 28.0
1 4680.500224 11116.000256 28.9999872 24.0
1 4661.499904 10945.999872 24.9999872 65.999872
5 4934.000128 10929.999872 22.0000256 20.0
1 4656.9999872 10941.000192 14.0000256 12.0
1 4663.000064 10966.000128 20.0 24.0
1 4652.5000192 10925.000192 27.0000128 22.0000256
1 4678.49984 11061.499904 23.0000128 19.0000128
1 4680.999936 11091.999744 22.0000256 20.0
1 4669.000192 11010.500096 25.9999744 24.9999872
1 4670.49984 11036.000256 24.9999872 20.0
1 12882.500096 8326.49984 19.0000128 19.0000128
1 13040.999936 8577.999872 28.0 25.9999744
1 12867.999744 8329.50016 12.0 12.9999872
1 12812.0 8376.0 24.0 25.9999744
1 13293.499904 8215.4999808 27.0000128 20.9999872
1 12941.499904 8333.000192 27.0000128 20.0
1 12822.4999936 8327.499776 24.9999872 24.9999872
1 13001.50016 8600.500224 32.9999872 28.9999872
1 12836.0 8626.500096 70.000128 63.000064
1 9176.0 8931.500032 22.0000256 28.9999872
1 8773.499904 8894.000128 31.0000128 22.0000256
1 9000.500224 9161.999872 53.000192 46.0000256
1 9194.500096 8975.000064 43.0000128 83.999744
1 8802.999808 8897.50016 24.0 24.9999872
1 8744.9999872 9081.999872 76.000256 65.999872
1 8722.4999936 8791.499776 28.9999872 23.0000128
1 8790.000128 9005.499904 57.999872 64.999936
1 8834.500096 8952.500224 48.9999872 44.9999872
1 8866.999808 8896.500224 67.999744 44.9999872
1 11725.000192 5004.000256 30.0000256 20.0
1 11442.999808 4899.500032 17.9999744 19.0000128
1 11587.500032 4835.500032 12.9999872 15.0000128
1 11552.0 5055.499776 12.0 12.9999872
1 11603.999744 5098.999808 16.0 17.9999744
1 11750.49984 5081.999872 48.9999872 44.0
1 11298.4999936 4916.499968 44.9999872 28.9999872
1 11740.000256 5052.000256 32.0 22.0000256
1 11722.500096 4978.999808 35.0000128 25.9999744
1 11725.000192 4854.49984 16.0 15.0000128
1 11713.50016 4838.49984 20.9999872 19.0000128
1 11585.50016 5105.999872 28.9999872 25.9999744
1 11542.000128 5114.999808 17.9999744 9.9999744
1 11619.999744 4828.499968 32.0 23.0000128
1 11310.0000256 4914.999808 24.0 25.9999744
1 11549.499904 5028.499968 23.0000128 19.0000128
1 11749.000192 4754.999808 51.999744 76.000256
1 11736.999936 5023.000064 33.9999744 28.0
1 11547.500032 4846.49984 16.9999872 12.9999872
1 11527.000064 5059.999744 16.0 16.0
1 11575.000064 4837.499904 16.0 16.9999872
1 11342.000128 4903.000064 24.0 25.9999744
1 11592.999936 5053.000192 17.9999744 22.0000256
1 11694.49984 5110.49984 27.0000128 19.0000128
1 11373.499904 4896.500224 31.0000128 31.0000128
1 11573.000192 5031.000064 14.0000256 14.0000256
1 11402.500096 4887.499776 23.0000128 28.9999872
1 11282.4999936 4915.500032 24.9999872 28.9999872
1 10977.999872 11633.999872 36.0 32.0
1 10920.999936 11363.500032 22.0000256 27.0000128
1 10947.500032 11353.50016 20.9999872 19.0000128
1 10831.000064 11559.499776 20.0 23.0000128
1 10803.999744 11573.000192 28.0 20.0
1 10901.499904 11549.000192 20.9999872 20.0
1 10853.000192 11560.999936 25.9999744 22.0000256
1 6624.500224 13380.499968 63.000064 72.999936
1 6541.499904 13425.999872 64.999936 56.0
1 6416.999936 13575.499776 32.0 35.0000128
1 6647.000064 13572.499968 17.9999744 32.9999872
1 6596.499968 13535.000064 40.9999872 46.0000256
1 6442.500096 13575.499776 80.999936 44.9999872
1 6444.499968 13640.500224 90.999808 66.999808
1 2270.000128 9568.0 48.0 62.000128
5 2516.499968 9350.49984 15.0000128 15.0000128
5 2520.500224 9322.500096 36.9999872 35.0000128
3 2543.499776 9544.999936 31.0000128 80.0
3 2338.5000959999998 9521.50016 71.000064 133.000192
1 12695.000064 12830.0000256 9.9999744 9.9999744
1 12450.999808 12828.5000192 30.0000256 28.9999872
1 12752.500224 12817.5000064 20.9999872 20.9999872
1 4000.500224 11069.000192 23.0000128 14.0000256
1 4038.000128 11065.50016 9.9999744 11.0000128
1 3960.500224 11123.500032 15.0000128 12.9999872
1 4091.500032 11057.999872 8.9999872 14.0000256
1 4089.999872 10957.000192 12.0 22.0000256
1 4069.4999040000002 11062.000128 8.9999872 9.9999744
1 4012.000256 11066.999808 12.0 12.0
1 3957.000192 11095.000064 14.0000256 14.0000256
1 3965.000192 11073.50016 20.0 16.9999872
1 4082.5000959999998 11059.999744 11.0000128 12.0
1 3992.0 11069.499904 17.9999744 15.0000128
1 4074.5000959999998 11061.000192 11.0000128 9.9999744
1 4043.500032 11065.50016 11.0000128 11.0000128
1 4053.000192 11064.0 20.0 14.0000256
1 4025.999872 11065.999872 14.0000256 12.0
1 3962.999808 11110.000128 16.0 12.0
1 3941.000192 10776.0 54.000128 48.0
1 10646.49984 9744.0 35.0000128 32.0
1 10681.999872 9748.0 112.0 40.0
1 10700.499968 9745.9999744 55.000064 36.0
1 12875.500032 5758.49984 23.0000128 20.9999872
1 13034.500096 5725.499904 61.000192 80.999936
1 13229.000192 5896.0 16.0 14.0000256
1 12926.000128 5670.0000256 51.999744 65.999872
1 13143.499776 5851.500032 72.999936 40.9999872
1 12843.4999808 5654.4999936 12.9999872 11.0000128
1 13117.000192 5936.500224 40.0 31.0000128
1 13297.50016 5904.999936 20.9999872 20.0
1 12804.99999744 5833.999872 9.9999744 22.0000256
1 13000.500224 5768.500224 74.999808 48.9999872
1 12954.500096 5644.0 23.0000128 22.0000256
1 13203.999744 5898.500096 20.0 19.0000128
1 13279.000064 5900.000256 24.0 22.0000256
1 13219.999744 5774.000128 65.999872 36.0
1 13289.999872 6134.49984 44.0 19.0000128
1 13150.000128 5899.500032 60.000256 43.0000128
1 13133.499904 5975.000064 23.0000128 20.0
1 13282.500096 5852.000256 24.9999872 22.0000256
1 5105.999872 2650.500096 22.0000256 24.9999872
1 4839.000064 2898.999808 12.0 14.0000256
1 4759.000064 2915.999744 12.0 17.9999744
1 4806.49984 2901.000192 20.9999872 24.0
1 4749.499904 2918.000128 20.9999872 17.9999744
1 4950.49984 2877.000192 16.9999872 20.0
1 4825.999872 2902.000128 14.0000256 16.0
1 4790.000128 2909.4999040000002 14.0000256 16.9999872
1 4775.000064 2913.50016 17.9999744 19.0000128
1 11591.499776 7120.0 36.9999872 33.9999744
3 11421.000192 6896.500224 118.000128 199.000064
1 14508.499968 9724.000256 19.0000128 8.0
1 14649.50016 9255.4999808 24.9999872 20.9999872
1 14531.500032 9723.500032 20.9999872 8.9999872
1 14489.999872 9682.500096 20.0 23.0000128
1 14659.999744 9254.0000256 40.0 25.9999744
1 14504.0 9685.499904 16.0 15.0000128
1 14503.000064 9706.999808 24.0 22.0000256
1 2230.49984 10543.000064 15.0000128 12.0
1 2366.000128 10623.000064 28.0 28.0
1 6261.000192 13945.50016 44.0 53.000192
1 6266.999808 14101.000192 44.0 57.999872
1 6271.499776 13949.000192 72.999936 72.0
1 6325.499904 14053.499904 56.999936 64.999936
1 6183.4999808 13893.000192 66.999808 76.000256
1 6277.499904 13862.4999936 72.999936 71.000064
1 6854.000128 3484.499968 22.0000256 20.9999872
1 7113.999872 3438.000128 30.0000256 24.0
1 7163.500032 3144.0 8.9999872 20.0
1 6692.9999872 3217.999872 32.0 24.0
1 6668.5000192 3116.9999872 24.9999872 54.000128
1 6854.49984 3482.999808 27.0000128 40.0
1 6861.499904 3439.499776 51.0000128 35.0000128
1 6857.50016 3350.49984 19.0000128 16.9999872
1 6716.499968 3289.50016 47.0000128 44.9999872
1 6834.999808 3548.000256 32.0 33.9999744
1 7006.000128 3335.499776 30.0000256 20.9999872
1 6864.0 3269.000192 30.0000256 24.0
1 6980.499968 3116.5000191999998 24.9999872 24.9999872
1 6792.500224 3076.99999744 32.9999872 9.9999744
1 6894.49984 3116.0 35.0000128 38.0000256
1 6808.0 3249.999872 44.0 38.0000256
1 6853.000192 3232.999936 28.0 24.0
1 7158.49984 3131.500032 19.0000128 19.0000128
1 7152.0 3100.0 24.0 22.0000256
1 6854.49984 3447.499776 35.0000128 23.0000128
1 6684.0 3187.999744 54.000128 40.0
1 6905.50016 3288.999936 24.9999872 17.9999744
1 6872.0 3573.4999040000002 22.0000256 20.9999872
1 6711.000064 3272.0 56.0 81.999872
1 6862.49984 3376.999936 31.0000128 30.0000256
1 6899.500032 3319.000064 27.0000128 22.0000256
1 6903.000064 3480.500224 44.0 36.9999872
1 6956.499968 3454.000128 35.0000128 33.9999744
1 6822.000128 3135.000064 40.0 41.9999744
1 6829.499904 3296.500224 24.9999872 20.9999872
1 6769.999872 3107.4999808000002 22.0000256 23.0000128
1 6778.500096 3132.000256 24.9999872 22.0000256
1 6915.500032 3392.500224 28.9999872 28.9999872
1 6845.499904 3331.500032 28.9999872 27.0000128
1 6867.999744 3299.999744 20.0 20.0
1 6963.500032 3369.50016 27.0000128 23.0000128
1 6993.999872 3425.999872 33.9999744 28.0
3 6826.500096 11016.999936 125.000192 201.999872
1 6725.000192 10791.4999808 16.0 19.0000128
1 13645.000192 9288.999936 14.0000256 12.0
1 13473.999872 9455.000064 17.9999744 17.9999744
1 13405.000192 9678.000128 177.999872 99.999744
1 13608.500224 9553.50016 48.9999872 36.9999872
1 13474.999808 9428.499968 20.0 16.9999872
1 13633.999872 9288.500224 12.0 11.0000128
1 13464.999936 9392.0 20.0 22.0000256
1 13665.50016 9282.500096 19.0000128 12.9999872
1 13785.999872 9353.999872 20.0 20.0
1 13810.999808 9353.999872 20.0 17.9999744
1 13800.0 9326.000128 20.0 20.0
1 12016.999936 7898.500096 32.0 32.9999872
1 12108.000256 7758.000128 17.9999744 20.0
1 12090.500096 7869.000192 98.999808 60.000256
1 11864.999936 8128.999936 76.000256 57.999872
1 11836.000256 7958.000128 113.999872 46.0000256
1 11979.500032 7906.999808 43.0000128 40.0
1 11938.500096 7923.999744 36.9999872 36.0
1 13288.999936 5009.999872 46.0000256 67.999744
1 12867.999744 4835.999744 20.0 17.9999744
1 12819.4999808 4891.500032 36.9999872 36.9999872
1 13193.50016 4649.5000064 28.9999872 31.0000128
1 12807.0000128 4733.000192 14.0000256 28.0
1 13287.499776 5084.499968 48.9999872 69.000192
1 12866.500096 4812.000256 16.9999872 16.0
1 13224.999936 4633.5000064 20.0 19.0000128
1 13255.499776 4622.4999936 32.9999872 28.9999872
1 13518.000128 6729.999872 17.9999744 17.9999744
1 13707.500032 6664.0 58.999808 16.0
1 13443.999744 6671.0000128 46.0000256 30.0000256
1 13498.500096 6755.999744 63.000064 64.0
1 13809.50016 6695.0000128 28.9999872 46.0000256
1 13814.49984 6704.5000192 19.0000128 20.9999872
1 13712.999936 6725.499904 110.000128 80.999936
1 13794.500096 7091.999744 27.0000128 24.0
1 9711.499776 9257.5000064 19.0000128 19.0000128
1 9319.000064 9356.499968 17.9999744 16.9999872
1 9320.0 9222.4999936 16.0 12.9999872
1 9469.499904 9521.50016 44.9999872 28.9999872
1 9718.000128 9333.000192 20.0 24.0
1 9220.99999744 9237.5000064 9.9999744 15.0000128
1 9224.5000192 9324.499968 16.9999872 19.0000128
1 9706.999808 9221.5000064 20.0 11.0000128
1 9259.4999808 9338.500096 12.9999872 16.9999872
1 9706.999808 9237.5000064 22.0000256 19.0000128
1 9304.999936 9233.9999744 17.9999744 16.0
1 9261.5000064 9230.0000256 15.0000128 16.0
1 9273.999872 9338.500096 16.0 16.9999872
1 9702.000128 9292.000256 16.0 17.9999744
1 9260.0 9240.9999872 16.0 17.9999744
1 9290.500096 9341.499904 16.9999872 16.9999872
1 9239.0000128 9344.0 25.9999744 22.0000256
1 9281.50016 9238.0000256 16.9999872 17.9999744
1 9240.5000192 9237.5000064 20.9999872 19.0000128
1 12844.9999872 5511.000064 12.0 9.9999744
1 12944.999936 5472.500224 32.0 31.0000128
1 12838.4999936 5349.000192 32.9999872 22.0000256
1 12929.999872 5471.499776 65.999872 35.0000128
1 13292.000256 5209.50016 40.0 82.999808
1 12811.4999808 5563.500032 23.0000128 23.0000128
1 12814.0000256 5594.500096 28.0 27.0000128
1 12864.500224 5615.499776 19.0000128 20.9999872
1 12877.499904 5494.49984 31.0000128 28.9999872
1 9935.000064 9403.500032 12.0 15.0000128
1 9949.000192 9401.999872 14.0000256 14.0000256
5 9882.999808 9349.499904 16.0 15.0000128
1 10100.499968 9381.499904 71.000064 48.9999872
1 15284.499968 7096.999936 43.0000128 41.9999744
1 15248.0 7089.50016 16.0 12.9999872
1 15174.49984 7111.499776 28.9999872 27.0000128
3 2754.500096 3222.000128 31.0000128 102.000128
1 2866.999808 3470.000128 16.0 16.0
1 3055.000064 3228.499968 24.0 19.0000128
1 3009.999872 3238.49984 14.0000256 15.0000128
1 2903.000064 3458.5000959999998 16.0 15.0000128
1 3001.999872 3200.0 17.9999744 17.9999744
1 3009.999872 3216.0 22.0000256 16.0
1 3015.000064 3078.0000256 24.0 12.0
1 2886.000128 3464.0 20.0 20.0
1 2585.5000064 3112.0 12.9999872 12.0
1 2739.500032 3538.5000959999998 16.9999872 19.0000128
1 2599.4999808000002 3087.0000128 20.9999872 17.9999744
1 2761.999872 3552.999936 16.0 16.0
3 2770.500096 3220.499968 66.999808 109.000192
1 2652.499968 3104.9999872 16.9999872 16.0
1 2623.000064 3104.0 14.0000256 14.0000256
1 2709.499904 3098.4999936 16.9999872 16.9999872
1 2680.0 3102.4999936 17.9999744 16.9999872
1 7370.999808 5147.0000128 17.9999744 16.0
1 7382.49984 5352.500224 32.9999872 23.0000128
1 7201.5000064 5223.499776 44.9999872 44.9999872
1 7219.500032 5184.0 36.9999872 30.0000256
1 7301.000192 5147.0000128 30.0000256 24.0
1 7198.4999936 5278.49984 36.9999872 40.9999872
1 7391.000064 5319.499776 40.0 24.9999872
1 7205.5000064 5206.49984 61.000192 77.000192
1 7376.999936 5256.999936 49.9999744 80.0
1 7231.000064 5292.000256 96.0 57.999872
1 7336.500224 5152.0 19.0000128 20.0
1 7249.50016 5160.5000192 24.9999872 20.9999872
1 7360.0 5188.499968 32.0 32.9999872
1 7304.0 5186.999808 60.000256 49.9999744
1 5289.50016 11845.000192 27.0000128 25.9999744
0 5332.499968 12241.50016 120.999936 93.000192
1 5191.499776 11871.499776 20.9999872 20.9999872
1 5215.000064 11869.000192 22.0000256 22.0000256
1 5286.49984 11819.0000128 36.9999872 83.999744
1 5237.499904 12200.999936 35.0000128 28.0
1 5152.5000192 11881.999872 20.9999872 28.0
1 5280.0 11785.9999744 25.9999744 20.0
1 5130.4999936 11867.500032 20.9999872 23.0000128
1 5357.000192 12230.000128 28.0 24.0
0 5366.49984 12214.49984 191.000064 146.999808
3 5598.000128 12113.50016 67.999744 44.9999872
1 5234.500096 12262.49984 27.0000128 23.0000128
1 5144.0 12194.500096 36.0 31.0000128
1 5151.4999808 12259.500032 27.0000128 20.9999872
1 5191.000064 12258.999808 33.9999744 32.0
1 7514.999808 7416.999936 14.0000256 9.9999744
1 7211.0000128 7574.49984 16.0 15.0000128
1 7293.000192 7248.999936 32.0 28.0
0 7533.499904 7623.000064 288.999936 112.0
1 7433.50016 7430.000128 23.0000128 20.0
1 14642.500096 5347.500032 74.999808 71.000064
5 14352.5000192 5258.500096 24.9999872 23.0000128
1 14637.499904 5440.0 43.0000128 36.0
1 14642.999808 5502.49984 22.0000256 20.9999872
1 14793.50016 5576.500224 47.0000128 39.0000128
1 14704.999936 5623.000064 16.0 12.0
1 14705.50016 5450.999808 31.0000128 30.0000256
1 14630.000128 5447.000064 24.0 22.0000256
1 14670.000128 5544.0 60.000256 51.999744
1 14581.000192 5501.499904 20.0 15.0000128
1 14560.999936 5449.999872 36.0 24.0
1 14699.500032 5447.000064 19.0000128 17.9999744
1 14488.500224 5418.500096 23.0000128 23.0000128
1 14762.500096 5435.500032 58.999808 44.9999872
1 14545.999872 5135.0000128 32.0 30.0000256
1 14294.49984 12449.999872 82.999808 64.0
1 14294.000128 12353.999872 49.9999744 49.9999744
1 14210.500096 12792.0 24.9999872 16.0
5 14144.999936 12520.0 14.0000256 12.0
1 14178.500096 12390.49984 27.0000128 24.9999872
5 13994.999808 12742.49984 20.0 19.0000128
1 1645.499904 10794.4999936 27.0000128 20.9999872
1 7316.499968 6449.999872 16.9999872 14.0000256
3 7179.0000128 6190.4999936 22.0000256 93.000192
1 7422.000128 6616.0 22.0000256 20.0
1 7326.000128 6451.500032 30.0000256 16.9999872
3 7216.9999872 6370.500096 97.999872 96.999936
1 10865.999872 3837.499904 17.9999744 16.9999872
1 10920.500224 3845.000192 19.0000128 20.0
1 11116.499968 4028.000256 16.9999872 16.0
1 10872.999936 3862.49984 17.9999744 19.0000128
1 10893.499904 3902.000128 15.0000128 16.0
1 10862.49984 3600.0 120.999936 32.0
1 10908.499968 3899.500032 11.0000128 11.0000128
1 10822.49984 3840.999936 15.0000128 14.0000256
1 10916.499968 3840.999936 31.0000128 30.0000256
1 10911.499776 3802.500096 23.0000128 24.9999872
1 12782.49984 7710.4999936 27.0000128 20.9999872
1 12782.000128 7740.499968 12.0 12.9999872
1 12657.999872 7785.50016 22.0000256 19.0000128
1 12761.50016 7882.999808 16.9999872 14.0000256
0 12733.000192 7743.499776 112.0 122.999808
1 12777.50016 7766.000128 19.0000128 16.0
1 12616.500224 7843.999744 19.0000128 20.0
1 12663.000064 7768.500224 40.0 58.999808
1 12661.499904 7783.499776 35.0000128 27.0000128
1 12624.0 7840.999936 33.9999744 22.0000256
1 12665.50016 7758.000128 27.0000128 20.0
3 12650.500096 8000.500224 56.999936 85.000192
1 12613.499904 7747.500032 24.9999872 19.0000128
1 12673.999872 7851.500032 30.0000256 31.0000128
1 12615.499776 7772.499968 19.0000128 16.9999872
1 12688.999936 7890.500096 30.0000256 28.9999872
1 12728.999936 7882.999808 24.0 20.0
1 12657.50016 7735.499776 27.0000128 20.9999872
1 12608.999936 7706.4999936 20.0 20.9999872
1 12646.000128 7688.9999872 32.0 17.9999744
1 12668.499968 7708.0 24.9999872 20.0
1 9204.499968 5782.49984 23.0000128 43.0000128
1 8784.999936 6134.000128 20.0 17.9999744
1 8888.0 6130.999808 30.0000256 24.0
1 14351.4999808 3554.5000959999998 12.9999872 12.9999872
3 14647.499776 3560.999936 112.999936 40.0
1 7466.999808 9833.999872 16.0 17.9999744
1 7490.500096 9832.999936 12.9999872 14.0000256
1 7441.50016 9878.000128 16.9999872 12.0
1 7473.999872 9835.500032 25.9999744 19.0000128
1 7432.999936 9856.999936 17.9999744 14.0000256
1 7509.000192 9825.999872 20.0 16.0
3 7272.500224 10160.0 165.000192 160.0
1 7430.000128 9849.999872 20.0 25.9999744
1 7449.999872 9833.999872 17.9999744 20.0
1 7465.50016 9890.500096 16.9999872 15.0000128
1 7464.0 9942.49984 22.0000256 20.9999872
1 9759.4999808 10616.999936 28.9999872 25.9999744
1 9919.499776 10730.500096 48.9999872 40.9999872
1 10228.499968 10631.000064 23.0000128 25.9999744
1 9884.000256 10703.499776 49.9999744 35.0000128
1 9854.49984 10745.50016 19.0000128 12.9999872
3 9879.499776 10256.9999872 87.000064 33.9999744
1 10223.499776 10639.499776 32.9999872 44.9999872
1 9927.000064 10669.499904 41.9999744 40.9999872
1 9889.999872 10636.000256 25.9999744 24.0
0 9816.500224 10406.49984 176.999936 333.000192
1 9799.000064 10617.50016 33.9999744 32.9999872
1 15761.999872 9594.999808 14.0000256 16.0
1 15635.500032 9517.000192 32.9999872 25.9999744
1 15696.999936 9548.499968 20.0 16.9999872
0 15507.500032 9343.499776 295.000064 255.000064
1 15748.499968 9474.500096 23.0000128 16.9999872
1 15761.50016 9565.499904 28.9999872 20.9999872
1 15762.500096 9620.499968 24.9999872 20.9999872
1 15749.499904 9619.999744 44.9999872 25.9999744
1 15696.999936 9476.499968 20.0 16.9999872
1 15689.50016 9527.000064 19.0000128 16.0
1 15640.500224 9472.0 36.9999872 25.9999744
1 15728.500224 9574.49984 16.9999872 12.9999872
1 15757.000192 9619.500032 14.0000256 16.9999872
1 15639.000064 9571.500032 24.0 19.0000128
1 15740.499968 9621.000192 20.9999872 17.9999744
1 15669.499904 9489.50016 31.0000128 27.0000128
1 15669.000192 9582.49984 24.0 19.0000128
1 15754.500096 9536.999936 20.9999872 20.0
1 15650.999808 9541.000192 30.0000256 22.0000256
1 15743.499776 9449.999872 27.0000128 24.0
1 15694.49984 9502.49984 20.9999872 19.0000128
1 15746.500096 9509.499904 20.9999872 19.0000128
1 15703.499776 9630.000128 24.9999872 20.0
3 15657.50016 9246.4999936 82.999808 58.999808
0 15567.499776 9457.50016 415.000064 480.999936
1 3711.499776 2806.49984 16.9999872 19.0000128
1 3730.999808 2830.49984 24.0 23.0000128
1 3588.99999744 2569.9999744 9.9999744 20.0
1 3682.500096 2826.5000959999998 55.000064 44.9999872
1 3748.499968 2787.999744 31.0000128 24.0
1 3743.000064 2785.999872 17.9999744 17.9999744
1 3604.5000192 2842.5000959999998 40.9999872 36.9999872
1 2751.499776 11529.999872 12.9999872 16.0
1 2736.500224 11528.999936 12.9999872 14.0000256
1 2684.000256 11540.499968 20.0 19.0000128
1 2002.999808 10680.500224 33.9999744 40.9999872
1 2326.000128 11257.999872 36.0 12.0
1 2159.499776 11065.50016 11.0000128 11.0000128
1 2243.500032 11171.999744 55.000064 49.9999744
1 2394.999808 11258.500096 33.9999744 11.0000128
1 2189.499904 11068.000256 15.0000128 16.0
1 2323.500032 11106.999808 23.0000128 20.0
1 2409.50016 10818.500096 27.0000128 20.9999872
1 2283.500032 11078.000128 53.000192 46.0000256
1 2207.499776 11068.000256 19.0000128 17.9999744
1 2200.500224 11247.000064 35.0000128 30.0000256
1 2169.50016 11174.49984 87.000064 71.000064
1 2172.499968 11072.999936 15.0000128 14.0000256
1 2337.50016 11174.000128 43.0000128 36.0
1 13846.0000256 9335.000064 44.0 70.000128
3 7137.50016 10456.999936 61.000192 78.000128
1 13082.999808 4227.999744 24.0 17.9999744
1 13099.500032 4453.000192 74.999808 86.000128
1 13133.499904 4558.49984 27.0000128 24.9999872
1 12809.5000064 4254.49984 19.0000128 36.9999872
1 13172.499968 4592.999936 40.9999872 30.0000256
1 13016.999936 4233.999872 33.9999744 33.9999744
1 9713.50016 10667.500032 19.0000128 24.9999872
1 9712.0 10693.000192 28.0 24.0
1 9527.000064 10247.4999808 28.0 15.0000128
1 9692.000256 10672.999936 17.9999744 16.0
1 9536.999936 10291.999744 33.9999744 33.9999744
1 9711.000064 10673.50016 16.0 12.9999872
1 9715.500032 10659.500032 16.9999872 15.0000128
1 9709.000192 10634.999808 33.9999744 25.9999744
2 7702.0000256 9170.500096 30.0000256 31.0000128
3 5920.0 2064.5000192 28.0 27.0000128
1 5945.50016 2260.499968 28.9999872 16.9999872
1 6028.499968 2124.499968 32.9999872 36.9999872
1 5637.5000064 2142.000128 11.0000128 20.0
1 6042.500096 2169.50016 16.9999872 20.9999872
1 6036.499968 2067.0000128 27.0000128 32.0
1 5664.5000192 2102.49984 28.9999872 31.0000128
1 8408.999936 3260.000256 32.0 28.0
0 8559.000064 3482.999808 286.000128 200.0
1 14330.999808 13594.500096 9.9999744 28.9999872
1 14216.0 13600.0 41.9999744 25.9999744
1 14120.0 13664.999936 38.0000256 32.0
1 14166.000128 13601.999872 17.9999744 17.9999744
1 7500.499968 6030.49984 28.9999872 20.9999872
1 7455.499776 6069.499904 56.999936 20.9999872
3 7180.9999872 6120.0 25.9999744 48.0
1 7469.000192 5868.499968 25.9999744 20.9999872
1 7560.0 6045.499904 49.9999744 39.0000128
1 7502.000128 5873.999872 30.0000256 25.9999744
1 7568.0 5951.000064 46.0000256 48.0
1 7553.999872 5878.000128 48.0 51.999744
1 15382.0000256 13260.499968 30.0000256 27.0000128
1 15686.49984 12887.000064 15.0000128 12.0
1 15411.999744 13175.499776 97.999872 48.9999872
1 15685.000192 12813.5000064 14.0000256 12.9999872
1 15686.49984 12899.999744 12.9999872 9.9999744
1 15685.499904 12841.5000064 16.9999872 12.9999872
1 15685.499904 12872.999936 15.0000128 12.0
1 15686.000128 12857.50016 16.0 12.9999872
1 15684.499968 12828.5000192 12.9999872 11.0000128
1 7779.500032 3213.499904 48.9999872 39.0000128
1 8012.000256 3190.49984 22.0000256 20.9999872
1 8008.500224 3120.0 47.0000128 62.000128
1 8144.999936 3503.000064 30.0000256 25.9999744
1 7867.500032 3195.500032 15.0000128 16.9999872
1 8022.49984 3183.499776 39.0000128 32.9999872
1 7763.999744 3212.000256 17.9999744 20.0
1 8007.000064 3134.49984 32.0 28.9999872
1 7777.999872 3262.49984 22.0000256 24.9999872
1 7971.500032 3569.999872 31.0000128 25.9999744
1 7855.499776 3240.500224 32.9999872 27.0000128
1 7808.500224 3258.999808 35.0000128 25.9999744
1 8008.500224 3560.0 36.9999872 30.0000256
1 8175.499776 3532.000256 27.0000128 22.0000256
1 7789.000192 3215.499776 30.0000256 28.9999872
1 8120.999936 3461.4999040000002 33.9999744 32.9999872
1 7687.0000128 3308.499968 14.0000256 27.0000128
1 7971.500032 3197.499904 32.9999872 24.9999872
1 7908.499968 3168.999936 35.0000128 30.0000256
1 7954.999808 3150.49984 30.0000256 28.9999872
1 8164.499968 3563.500032 39.0000128 35.0000128
1 7840.0 3194.999808 33.9999744 30.0000256
3 4456.999936 11677.000192 56.0 54.000128
1 4508.000256 11539.500032 33.9999744 32.9999872
1 4319.499776 11751.499776 31.0000128 44.9999872
1 7857.999872 6978.500096 17.9999744 16.9999872
1 7923.999744 7116.000256 32.0 33.9999744
1 2412.000256 8176.0 41.9999744 32.0
3 2501.4999040000002 8093.499904 74.999808 88.999936
1 11478.49984 7686.4999936 32.9999872 12.9999872
1 11480.999936 7709.5000064 25.9999744 23.0000128
1 11402.999808 8071.000064 30.0000256 25.9999744
1 11425.50016 8182.49984 44.9999872 19.0000128
1 11706.500096 8010.999808 74.999808 33.9999744
1 11455.499776 8175.499776 12.9999872 16.9999872
1 11366.49984 7994.500096 35.0000128 32.9999872
1 11388.000256 7912.500224 36.0 23.0000128
1 11423.499776 8113.50016 44.9999872 43.0000128
1 11478.49984 7702.0000256 39.0000128 44.0
1 11761.50016 7969.50016 28.9999872 51.0000128
1 12153.50016 2397.4999040000002 23.0000128 20.9999872
1 12134.000128 2332.000256 16.0 17.9999744
1 12056.0 2357.4999040000002 32.0 27.0000128
1 11811.4999808 2201.50016 12.9999872 15.0000128
1 12121.999872 2458.5000959999998 14.0000256 15.0000128
1 12215.499776 2432.0 47.0000128 36.0
1 11890.500096 2359.000064 15.0000128 16.0
1 11870.49984 2321.999872 20.9999872 20.0
1 11832.0 2236.000256 14.0000256 14.0000256
1 11799.4999808 2521.50016 47.0000128 69.000192
1 12102.000128 2453.000192 24.0 24.0
1 11865.50016 2422.000128 20.9999872 17.9999744
1 11848.500224 2272.500224 19.0000128 16.9999872
1 11821.5000064 2220.000256 19.0000128 20.0
1 11916.000256 2418.5000959999998 76.000256 58.999808
1 12092.499968 2481.50016 24.9999872 20.9999872
1 12139.500032 2323.999744 19.0000128 17.9999744
1 12096.0 2287.499776 22.0000256 19.0000128
1 12159.499776 2328.999936 16.9999872 17.9999744
1 11837.499904 2253.000192 20.9999872 17.9999744
1 12176.999936 2406.000128 22.0000256 22.0000256
1 12080.500224 2305.50016 27.0000128 24.9999872
1 12114.999808 2304.500224 22.0000256 23.0000128
1 7177.9999744 4717.499904 20.0 40.9999872
1 7188.0 4818.500096 17.9999744 16.9999872
1 7183.0000128 4831.499776 30.0000256 44.9999872
1 7222.49984 4910.49984 74.999808 74.999808
1 11232.500224 13557.499904 32.9999872 27.0000128
1 11211.500032 13554.500096 12.9999872 15.0000128
3 10822.000128 13398.000128 140.000256 169.999872
1 11187.999744 13534.49984 17.9999744 15.0000128
1 11213.000192 13674.500096 17.9999744 19.0000128
3 10840.999936 13626.500096 177.999872 280.999936
1 11189.000192 13588.499968 20.0 20.9999872
1 11192.500224 13562.999808 19.0000128 17.9999744
1 11200.500224 13642.999808 20.9999872 22.0000256
1 11248.999936 13700.499968 30.0000256 53.000192
3 10846.49984 13703.000064 183.000064 128.0
3 10792.5000192 13426.500096 80.999936 109.000192
1 11249.999872 13634.500096 28.0 31.0000128
1 11193.999872 13615.000064 20.0 20.0
3 10899.500032 13792.500224 205.000192 63.000064
3 10814.000128 13561.50016 124.000256 157.000192
1 4462.49984 13026.999808 15.0000128 14.0000256
1 4467.500032 13152.500224 16.9999872 16.9999872
3 4156.000256 13212.499968 48.0 39.0000128
1 4469.000192 13277.000192 56.0 56.0
1 4458.500096 13096.999936 36.9999872 30.0000256
1 4504.0 13027.500032 33.9999744 23.0000128
3 4139.0000128 13276.000256 78.000128 56.0
1 4546.500096 13024.999936 16.9999872 16.0
1 4464.999936 13046.000128 14.0000256 14.0000256
3 4260.499968 13286.49984 98.999808 51.0000128
1 4547.999744 13046.49984 22.0000256 20.9999872
1 4769.50016 11738.500096 16.9999872 15.0000128
1 4809.50016 11536.0 32.9999872 32.0
1 4780.000256 11671.499776 14.0000256 11.0000128
1 4738.500096 11415.499776 19.0000128 19.0000128
1 4809.50016 11529.50016 39.0000128 71.000064
1 4800.0 11480.0 25.9999744 24.0
1 4794.500096 11511.000064 40.9999872 30.0000256
1 4765.000192 11658.500096 30.0000256 31.0000128
1 4725.499904 11436.000256 36.9999872 33.9999744
1 4762.999808 11645.499904 41.9999744 64.999936
1 4784.999936 11550.000128 22.0000256 24.0
1 4787.500032 11438.000128 43.0000128 33.9999744
1 4747.500032 11525.000192 43.0000128 48.0
1 4777.50016 11686.49984 16.9999872 15.0000128
1 4754.999808 11569.50016 32.0 36.9999872
1 4729.50016 11339.500032 58.999808 24.9999872
1 4680.500224 11758.49984 55.000064 35.0000128
1 4662.49984 11612.499968 109.000192 120.999936
1 4780.000256 11709.499904 22.0000256 20.9999872
1 4783.000064 11730.999808 16.0 17.9999744
1 4728.999936 11373.499904 32.0 27.0000128
1 4737.999872 11475.500032 40.0 36.9999872
5 3136.999936 5813.499904 20.0 19.0000128
5 3105.9999744 5814.49984 22.0000256 20.9999872
1 10430.000128 7234.999808 22.0000256 24.0
1 10352.500224 7325.000192 19.0000128 17.9999744
1 10677.000192 11333.000192 17.9999744 22.0000256
1 10551.000064 11406.000128 17.9999744 17.9999744
1 10691.999744 11309.5000064 22.0000256 20.9999872
1 10538.999808 11356.499968 32.0 35.0000128
1 10465.999872 11460.499968 46.0000256 44.9999872
1 10713.999872 11435.500032 17.9999744 15.0000128
1 10424.999936 11350.49984 28.0 27.0000128
1 10600.999936 11352.999936 20.0 17.9999744
1 10572.000256 11350.49984 41.9999744 44.9999872
1 10665.999872 11331.999744 46.0000256 32.0
1 10744.0 11298.4999936 16.0 23.0000128
1 10711.000064 11382.000128 17.9999744 17.9999744
1 10498.500096 11378.500096 24.9999872 20.9999872
1 10558.49984 11408.500224 35.0000128 24.9999872
3 10290.4999936 11687.499776 101.000192 176.999936
1 10722.999808 11457.50016 25.9999744 24.9999872
1 10480.999936 11328.999936 80.0 67.999744
1 10697.50016 11407.000064 20.9999872 20.0
1 10609.50016 11403.500032 47.0000128 40.9999872
1 10653.000192 11283.4999808 36.0 36.9999872
1 10565.000192 11301.5000064 60.000256 48.9999872
1 10719.000064 11347.500032 24.0 20.9999872
1 10671.000064 11495.499776 46.0000256 61.000192
1 10678.000128 11371.500032 44.0 36.9999872
1 10437.499904 11391.499776 51.0000128 58.999808
1 10719.499776 11320.0 23.0000128 22.0000256
1 10574.000128 11487.499776 60.000256 51.0000128
1 4335.000064 8255.000064 22.0000256 20.0
1 4264.0 8212.0 62.000128 40.0
1 4353.999872 8268.499968 22.0000256 16.9999872
1 4295.499776 8271.000064 19.0000128 16.0
1 4461.000192 8210.4999936 64.0 36.9999872
1 4287.499776 8253.000192 31.0000128 20.0
1 5683.500032 2016.500224 51.0000128 40.9999872
1 4980.499968 10712.999936 61.000192 24.0
1 4897.50016 10712.500224 16.9999872 12.9999872
1 4738.500096 10745.999872 16.9999872 12.0
1 4797.499904 10741.000192 12.9999872 14.0000256
1 4750.49984 10745.999872 15.0000128 12.0
1 4774.49984 10743.000064 20.9999872 16.0
1 4813.499904 10737.50016 16.9999872 15.0000128
1 5040.999936 10704.999936 30.0000256 24.0
4 2687.000064 9205.499904 72.0 20.9999872
1 2623.000064 8857.999872 24.0 28.0
3 2994.5000959999998 8743.4999808 154.999808 77.000192
1 8856.500224 4329.50016 20.9999872 20.9999872
3 1675.500032 12369.50016 101.000192 125.000192
1 15091.500032 10319.499776 66.999808 71.000064
1 14977.999872 10435.999744 14.0000256 12.0
1 14943.000064 10363.500032 30.0000256 24.9999872
1 14960.500224 10523.500032 23.0000128 24.9999872
1 14978.999808 10394.500096 25.9999744 23.0000128
1 14711.000064 13032.500224 22.0000256 19.0000128
1 14840.999936 13035.500032 14.0000256 23.0000128
1 14817.50016 12933.000192 19.0000128 17.9999744
1 14775.499776 13034.500096 12.9999872 15.0000128
1 14814.000128 12912.500224 22.0000256 20.9999872
1 14757.000192 13034.999808 16.0 17.9999744
1 14744.0 13034.999808 16.0 17.9999744
1 1474.999808 12234.999808 25.9999744 25.9999744
3 1055.4999808 11946.500096 63.000064 90.999808
1 1474.500096 12270.49984 19.0000128 16.9999872
1 1464.0 11906.500096 62.000128 56.999936
1 10349.000192 9391.499776 16.0 12.9999872
1 10483.999744 9564.499968 16.0 15.0000128
1 10544.500224 9521.999872 20.9999872 17.9999744
1 10402.999808 9378.500096 22.0000256 19.0000128
1 10383.000064 9506.500096 16.0 12.9999872
1 10335.499776 9524.499968 15.0000128 16.9999872
1 10288.5000192 9520.0 12.9999872 12.0
1 10535.000064 9596.000256 16.0 17.9999744
1 10493.499904 9484.000256 24.9999872 20.0
1 10410.500096 9416.0 47.0000128 30.0000256
1 10579.999744 9433.50016 24.0 27.0000128
1 10414.49984 9524.499968 16.9999872 19.0000128
1 10364.000256 9520.500224 12.0 11.0000128
1 10378.999808 9492.499968 16.0 15.0000128
1 10418.999808 9379.999744 14.0000256 16.0
1 10290.4999936 9594.500096 19.0000128 16.9999872
1 10471.499776 9362.500096 16.9999872 19.0000128
1 10381.000192 9398.000128 32.0 24.0
1 10273.5000064 9507.999744 16.9999872 14.0000256
1 10258.4999936 9579.500032 19.0000128 16.9999872
1 10322.500096 9406.49984 28.9999872 23.0000128
1 10425.999872 9490.500096 17.9999744 19.0000128
1 10423.499776 9526.000128 23.0000128 17.9999744
1 10408.0 9497.50016 16.0 15.0000128
1 10522.999808 9414.49984 22.0000256 19.0000128
1 10444.499968 9363.500032 24.9999872 20.9999872
1 10393.50016 9538.500096 31.0000128 24.9999872
1 10515.500032 9389.000192 24.9999872 22.0000256
1 11655.000064 7387.500032 14.0000256 12.9999872
1 11662.000128 7372.499968 20.0 16.9999872
1 11618.500096 7435.500032 43.0000128 24.9999872
1 11675.500032 7373.499904 36.9999872 20.9999872
3 11324.499968 7393.50016 120.999936 167.000064
1 11619.500032 7396.499968 28.9999872 39.0000128
1 11702.000128 7373.000192 16.0 12.0
3 11343.000064 7379.999744 80.0 97.999872
3 11289.9999744 7625.999872 51.999744 108.000256
3 11363.999744 7560.999936 49.9999744 48.0
3 11289.9999744 7385.50016 51.999744 178.999808
1 11622.000128 7386.999808 24.0 17.9999744
1 11632.999936 7260.000256 67.999744 60.000256
1 11631.499776 7431.499776 19.0000128 16.9999872
1 11631.499776 7176.9999872 32.9999872 17.9999744
3 11354.500096 7344.999936 181.000192 259.999744
1 11609.999872 7437.000192 24.0 17.9999744
1 11768.0 7305.50016 16.0 16.9999872
1 11615.000064 7406.000128 24.0 24.0
1 11643.500032 7404.000256 16.9999872 17.9999744
1 11508.499968 7232.0 27.0000128 25.9999744
1 11496.0 7189.5000064 32.0 35.0000128
1 10834.999808 1548.5000192 57.999872 24.9999872
2 11094.49984 1951.499776 24.9999872 24.9999872
1 9274.500096 3775.000064 16.9999872 16.0
1 9238.0000256 3799.499776 24.0 24.9999872
1 9264.5000192 3797.000192 20.9999872 20.0
1 4814.000128 8208.9999872 54.000128 32.0
1 4692.499968 8232.0 44.9999872 56.0
1 5088.999936 8344.999936 36.0 32.0
1 5090.999808 8397.499904 33.9999744 39.0000128
1 4744.0 8212.5000192 57.999872 40.9999872
1 15489.999872 9793.999872 24.0 14.0000256
3 15512.500224 9955.999744 205.000192 88.0
1 15604.499968 9779.500032 12.9999872 12.9999872
1 15483.500032 9801.50016 53.000192 28.9999872
3 15474.500096 10142.49984 61.000192 162.999808
1 15629.000192 9780.499968 30.0000256 23.0000128
1 15561.999872 9800.999936 54.000128 48.0
1 12160.999936 5479.000064 46.0000256 36.0
1 12107.500032 5451.500032 15.0000128 16.9999872
1 11943.499776 5139.0000128 19.0000128 20.0
1 11817.9999744 5168.9999872 25.9999744 30.0000256
1 12252.499968 5342.000128 48.9999872 28.0
1 11843.500032 5182.49984 32.9999872 39.0000128
1 12246.49984 5404.499968 27.0000128 24.9999872
1 11832.0 5177.999872 56.0 51.999744
1 12119.000064 5453.000192 24.0 22.0000256
1 12239.499776 5296.999936 47.0000128 40.0
1 12206.49984 5464.500224 27.0000128 24.9999872
1 12096.999936 5148.0 78.000128 54.000128
1 11877.499904 5156.9999872 44.9999872 40.0
1 10389.499904 1635.999744 11.0000128 12.0
1 10332.499968 2041.9998719999999 16.9999872 12.0
1 10318.000128 2026.500096 14.0000256 15.0000128
1 10417.50016 1618.500096 11.0000128 11.0000128
1 10245.5000064 1588.499968 11.0000128 20.9999872
1 10306.999808 2041.50016 12.0 11.0000128
1 10345.999872 1667.999744 17.9999744 17.9999744
1 7801.999872 2518.49984 51.999744 36.9999872
1 7726.0000256 2376.999936 54.000128 46.0000256
1 7776.500224 2455.000064 53.000192 56.0
1 7765.000192 2410.999808 51.999744 33.9999744
1 9809.50016 2091.0000128 43.0000128 40.0
1 9826.500096 2060.9999872 23.0000128 24.0
1 9737.5000064 2068.9999872 19.0000128 22.0000256
1 9776.0 1318.0001280000001 20.0 17.9999744
1 10160.500224 1526.0001280000001 24.9999872 20.0
1 10064.999936 1346.500096 20.0 16.9999872
1 10179.500032 1043.0000128 16.9999872 14.0000256
1 10105.999872 1305.9998719999999 56.0 24.0
1 10228.499968 1030.0000256 23.0000128 12.0
1 10135.000064 1529.50016 41.9999744 12.9999872
1 10234.999808 1218.999808 9.9999744 22.0000256
1 10107.500032 1161.999872 16.9999872 16.0
1 10014.000128 1495.000064 12.0 14.0000256
1 10070.49984 1373.000192 19.0000128 17.9999744
1 9938.500096 1413.000192 32.9999872 32.0
1 9738.4999936 1272.500224 20.9999872 19.0000128
1 10117.499904 1308.499968 31.0000128 19.0000128
1 9748.5000192 1359.000064 40.9999872 28.0
1 9790.000128 1340.000256 28.0 28.0
1 9928.0 1527.499776 17.9999744 16.9999872
1 9888.500224 1328.500224 36.9999872 35.0000128
1 10231.000064 1346.999808 17.9999744 41.9999744
1 10142.49984 1525.499904 61.000192 20.9999872
1 9849.999872 1295.499776 24.0 20.9999872
1 9775.4999808 1400.999936 20.9999872 17.9999744
1 10129.50016 1350.49984 27.0000128 24.9999872
1 10115.999744 1145.999872 14.0000256 16.0
1 9750.0000256 1301.000192 33.9999744 32.0
1 10015.499776 1351.499776 53.000192 39.0000128
1 9856.999936 1445.499904 25.9999744 23.0000128
1 9985.999872 1296.500224 32.0 40.9999872
1 10094.49984 1152.0 12.9999872 14.0000256
1 10033.50016 1271.000064 56.999936 44.0
1 9814.000128 1377.9998719999999 38.0000256 30.0000256
1 10168.500224 1228.000256 19.0000128 17.9999744
1 9856.999936 1313.50016 17.9999744 15.0000128
1 9986.500096 1491.999744 47.0000128 41.9999744
1 10197.499904 1176.500224 39.0000128 35.0000128
1 9843.500032 1470.0001280000001 35.0000128 25.9999744
1 10128.999936 1156.499968 17.9999744 16.9999872
1 9884.499968 1491.500032 39.0000128 31.0000128
1 10103.000064 1138.500096 14.0000256 15.0000128
1 7923.999744 11600.500224 17.9999744 16.9999872
1 8184.500224 11759.000064 15.0000128 33.9999744
1 7994.500096 11420.499968 16.9999872 15.0000128
1 8044.499968 11767.000064 47.0000128 17.9999744
1 7709.5000064 11637.499904 58.999808 55.000064
1 8159.000064 11382.000128 14.0000256 14.0000256
1 8187.500032 11351.499776 8.9999872 19.0000128
1 7710.0000256 11704.999936 54.000128 60.000256
1 8132.499968 11336.500224 12.9999872 12.9999872
1 8152.0 11356.499968 14.0000256 12.9999872
1 8127.000064 11764.499968 57.999872 23.0000128
1 7788.000256 11760.999936 51.999744 30.0000256
1 7971.999744 11730.500096 49.9999744 47.0000128
1 7837.499904 11687.000064 36.9999872 36.0
1 8181.000192 11696.0 22.0000256 40.0
1 7725.5000064 11763.999744 47.0000128 24.0
1 8177.50016 11383.499776 19.0000128 16.9999872
1 7846.49984 11752.999936 47.0000128 40.0
1 7896.999936 11678.49984 40.0 40.9999872
1 8171.500032 11630.49984 40.9999872 39.0000128
1 8170.999808 11354.999808 14.0000256 14.0000256
1 7765.499904 11633.999872 36.9999872 40.0
1 8035.999744 11724.000256 48.0 41.9999744
1 8164.499968 11566.000128 43.0000128 41.9999744
1 8022.49984 11660.000256 43.0000128 41.9999744
1 8102.49984 11645.499904 43.0000128 40.9999872
1 7774.49984 11696.999936 47.0000128 44.0
1 8016.500224 11594.999808 43.0000128 33.9999744
1 7886.49984 11613.499904 39.0000128 36.9999872
1 7910.000128 11744.0 48.0 41.9999744
1 8091.500032 11580.499968 39.0000128 39.0000128
1 8114.500096 11710.000128 47.0000128 41.9999744
1 7962.999808 11668.499968 44.0 39.0000128
1 9655.499776 2079.0000128 47.0000128 30.0000256
1 9550.000128 2302.000128 49.9999744 40.0
1 9700.499968 2079.4999808 12.9999872 16.9999872
1 9717.000192 2073.9999744 20.0 17.9999744
1 9489.50016 2552.500224 15.0000128 12.9999872
1 9440.500224 2175.000064 74.999808 62.000128
1 9624.0 2219.500032 20.0 20.9999872
0 9285.499904 2352.999936 138.999808 294.000128
1 9404.499968 2266.999808 82.999808 99.999744
1 11451.500032 3550.49984 7.0000128 8.9999872
1 11373.499904 3479.000064 12.9999872 9.9999744
1 11418.500096 3564.499968 12.9999872 12.9999872
1 11421.000192 3573.000192 12.0 12.0
1 11353.999872 3446.49984 16.0 16.9999872
0 11623.499776 3327.000064 303.000064 510.000128
1 11478.000128 3574.000128 14.0000256 16.0
1 11378.999808 3491.500032 14.0000256 15.0000128
1 11442.999808 3539.500032 12.0 11.0000128
1 11409.50016 3549.4999040000002 12.9999872 11.0000128
1 11462.49984 3575.499776 16.9999872 16.9999872
1 11461.000192 3536.500224 12.0 11.0000128
1 11385.50016 3429.000192 23.0000128 33.9999744
1 11423.499776 3471.000064 11.0000128 9.9999744
1 11392.999936 3434.999808 36.0 28.0
1 11414.49984 3486.49984 16.9999872 20.9999872
1 11344.0 3264.999936 40.0 25.9999744
1 11402.500096 3533.4999040000002 12.9999872 11.0000128
1 11426.999808 3508.499968 9.9999744 11.0000128
1 11431.000064 3526.000128 16.0 14.0000256
1 11517.000192 3426.999808 33.9999744 32.0
1 11365.499904 3465.50016 12.9999872 11.0000128
1 11443.500032 3509.4999040000002 12.9999872 11.0000128
1 11157.499904 4969.50016 15.0000128 16.9999872
1 11235.999744 5056.500224 40.0 31.0000128
1 11202.999808 4956.499968 22.0000256 24.9999872
1 11014.49984 5066.500096 36.9999872 36.9999872
1 11190.000128 5081.50016 12.0 11.0000128
1 11058.500096 5013.000192 12.9999872 14.0000256
1 10989.000192 5010.999808 20.0 17.9999744
1 11095.499776 4986.500096 56.999936 28.9999872
1 11226.999808 4941.000192 20.0 20.0
1 11038.000128 5084.000256 12.0 12.0
1 11028.499968 5098.500096 12.9999872 12.9999872
1 11040.999936 4999.499776 46.0000256 24.9999872
1 10962.999808 5011.999744 25.9999744 24.0
1 11041.999872 5017.50016 17.9999744 15.0000128
1 11232.999936 4958.000128 14.0000256 12.0
1 11048.999936 5098.999808 22.0000256 20.0
1 8989.499904 2729.999872 15.0000128 16.0
1 9115.500032 2699.500032 24.9999872 24.9999872
1 9005.499904 2725.499904 15.0000128 16.9999872
1 9042.500096 2723.500032 20.9999872 20.9999872
1 6083.999744 9893.499904 12.0 11.0000128
1 6083.500032 9869.000192 15.0000128 16.0
1 6085.000192 9883.500032 14.0000256 11.0000128
1 12292.99999744 2799.000064 9.9999744 20.0
3 12677.000192 2948.499968 243.999744 242.999808
1 12402.999808 2909.4999040000002 57.999872 48.9999872
3 15916.9999872 10464.999936 65.999872 54.000128
3 15930.500096 10367.000064 87.000064 33.9999744
3 16305.999872 10550.49984 150.000128 93.000192
3 16308.499968 10624.999936 149.000192 249.999872
3 15960.999936 10583.000064 97.999872 211.999744
3 16109.000192 10283.4999808 70.000128 87.000064
3 16135.499776 10568.999936 170.999808 361.999872
1 5641.9999744 3439.000064 20.0 17.9999744
1 6106.500096 3311.499776 55.000064 32.9999872
1 6078.49984 3335.499776 15.0000128 12.9999872
1 6138.999808 3341.000192 9.9999744 14.0000256
1 6066.500096 3328.999936 28.9999872 25.9999744
1 6065.50016 3358.49984 12.9999872 12.9999872
1 6080.999936 3353.999872 14.0000256 14.0000256
1 6096.0 3349.4999040000002 12.0 12.9999872
1 5990.49984 3345.999872 15.0000128 16.0
1 6111.000064 3346.999808 9.9999744 12.0
1 6030.000128 3330.999808 17.9999744 17.9999744
1 6125.000192 3343.000064 12.0 12.0
1 6008.0 3334.49984 16.0 15.0000128
1 12241.50016 4021.4999040000002 56.999936 53.000192
1 12184.500224 4002.999808 32.9999872 32.0
1 12210.999808 3861.000192 38.0000256 48.0
1 12172.499968 3938.5000959999998 39.0000128 31.0000128
1 12145.999872 3892.499968 62.000128 55.000064
1 14518.000128 6059.500032 16.0 15.0000128
1 14825.50016 5768.999936 19.0000128 16.0
1 14353.9999744 5859.500032 14.0000256 15.0000128
1 7408.999936 9119.000064 24.0 17.9999744
1 7425.50016 9023.499776 31.0000128 16.9999872
1 7462.49984 9177.999872 39.0000128 32.0
1 7341.000192 9170.500096 36.0 28.9999872
1 7416.0 9000.0 44.0 24.0
3 7400.500224 8852.499968 48.9999872 27.0000128
1 7570.500096 9073.999872 15.0000128 12.0
1 7404.499968 8972.000256 12.9999872 12.0
1 7472.999936 9015.000064 17.9999744 16.0
1 7431.499776 9026.500096 20.9999872 15.0000128
1 7390.49984 9208.999936 16.9999872 14.0000256
1 7547.500032 9082.999808 19.0000128 14.0000256
1 7414.49984 9046.000128 15.0000128 16.0
1 7438.49984 9065.999872 32.9999872 25.9999744
1 7600.500224 9129.999872 19.0000128 16.0
1 7473.999872 9029.000192 16.0 14.0000256
1 7458.500096 9176.999936 58.999808 48.0
1 7343.499776 9097.50016 36.9999872 35.0000128
1 7433.999872 9121.999872 22.0000256 22.0000256
1 7484.000256 9066.500096 16.0 12.9999872
1 7404.000256 9187.999744 17.9999744 16.0
1 7547.500032 9068.000256 16.9999872 14.0000256
1 7568.0 9090.999808 17.9999744 17.9999744
1 7468.499968 8979.999744 19.0000128 17.9999744
1 7530.500096 9143.000064 19.0000128 17.9999744
1 7472.0 8997.000192 17.9999744 14.0000256
1 7590.000128 9082.500096 20.0 16.9999872
1 7482.999808 9052.000256 17.9999744 16.0
1 7577.50016 9118.000128 23.0000128 22.0000256
1 7546.999808 9102.49984 20.0 16.9999872
1 7480.999936 9126.49984 30.0000256 27.0000128
0 6567.000064 5039.000064 176.0 161.999872
1 6620.499968 4927.499776 71.000064 44.9999872
1 6529.50016 4852.499968 16.9999872 15.0000128
1 6474.500096 4692.499968 71.000064 53.000192
1 6625.50016 4921.999872 16.9999872 17.9999744
1 6505.999872 4766.000128 17.9999744 16.0
1 6648.0 4822.49984 16.0 19.0000128
1 6648.999936 4840.999936 14.0000256 16.0
1 6601.50016 4929.50016 28.9999872 24.9999872
1 6640.0 4792.999936 32.0 36.0
1 6498.999808 4801.999872 72.0 49.9999744
1 6569.50016 4934.49984 27.0000128 31.0000128
1 6487.000064 4745.50016 49.9999744 43.0000128
1 6633.999872 4722.500096 44.0 39.0000128
1 6592.0 4622.4999936 36.0 28.9999872
3 6994.500096 2281.50016 106.999808 80.999936
1 15481.999872 11802.4999936 28.0 19.0000128
3 15507.500032 12265.50016 285.000192 40.9999872
3 15754.500096 12252.499968 117.000192 71.000064
1 2494.49984 12977.999872 16.9999872 12.0
1 2409.999872 13120.999936 22.0000256 22.0000256
1 2494.49984 12994.999808 20.9999872 22.0000256
1 2546.5000959999998 12998.000128 27.0000128 65.999872
1 2402.5000959999998 13117.000192 16.9999872 17.9999744
1 2495.499776 12962.500096 19.0000128 16.9999872
1 2511.000064 12895.499776 17.9999744 19.0000128
1 2381.4999040000002 13116.499968 20.9999872 20.9999872
1 7992.0 7438.000128 20.0 16.0
1 7688.9999872 7578.500096 17.9999744 27.0000128
1 7715.4999808 7578.999808 16.9999872 20.0
1 7703.0000128 7577.999872 44.0 28.0
1 7744.500224 7578.500096 24.9999872 28.9999872
1 7781.000192 7580.000256 40.0 41.9999744
1 12706.999808 7095.499776 185.999872 80.999936
1 12556.499968 6931.999744 47.0000128 41.9999744
1 12522.500096 6779.500032 58.999808 53.000192
1 12561.50016 6734.49984 66.999808 64.999936
1 12768.500224 7103.499776 63.000064 64.999936
1 12547.500032 6880.500224 31.0000128 31.0000128
1 12642.500096 7090.999808 63.000064 76.000256
1 12552.500224 6908.499968 56.999936 87.000064
1 12623.499776 6752.500224 72.999936 71.000064
1 12750.49984 6786.500096 32.9999872 48.9999872
1 12530.500096 6835.999744 24.9999872 22.0000256
0 12430.49984 6978.500096 285.000192 376.999936
3 6241.999872 2063.4999808 72.0 31.0000128
2 6487.499776 2429.4999040000002 48.9999872 40.9999872
1 16126.49984 11251.999744 12.9999872 12.0
1 16091.500032 11177.50016 51.0000128 63.000064
1 16008.0 11069.000192 17.9999744 16.0
1 15947.500032 11182.000128 19.0000128 17.9999744
1 15920.5000192 11089.999872 11.0000128 12.0
1 16118.000128 11126.49984 22.0000256 23.0000128
1 15908.5000192 11091.500032 11.0000128 11.0000128
1 15936.500224 11091.500032 15.0000128 12.9999872
3 16300.499968 10760.5000192 93.000192 16.9999872
1 16109.499904 11105.50016 19.0000128 15.0000128
3 16154.999808 10776.9999872 145.999872 49.9999744
1 15889.9999744 11183.000064 24.0 22.0000256
1 15911.0000128 11183.499776 14.0000256 15.0000128
1 16083.999744 11078.49984 28.0 19.0000128
1 16110.49984 11085.000192 15.0000128 14.0000256
1 14096.500224 11896.0 112.999936 83.999744
1 14290.999808 12268.000256 20.0 20.0
1 6305.50016 6415.499776 15.0000128 15.0000128
1 6224.0 6256.0 16.0 12.0
1 6180.9999872 6257.999872 16.0 12.0
1 6625.50016 6499.500032 15.0000128 15.0000128
1 6600.500224 6499.999744 19.0000128 16.0
1 6517.499904 6496.500224 11.0000128 16.9999872
1 6479.499776 6397.000192 23.0000128 20.0
1 6302.000128 6254.000128 17.9999744 17.9999744
1 6312.500224 6386.999808 19.0000128 20.0
1 6640.0 6606.000128 30.0000256 22.0000256
1 6574.49984 6498.999808 16.9999872 16.0
1 6616.0 6476.000256 24.0 24.0
1 6530.500096 6497.50016 16.9999872 16.9999872
1 6552.999936 6497.999872 17.9999744 17.9999744
1 6457.50016 6495.000064 19.0000128 17.9999744
1 6481.999872 6497.999872 17.9999744 17.9999744
1 6504.500224 6495.499776 15.0000128 16.9999872
1 12456.0 8709.5000064 38.0000256 11.0000128
1 12786.999808 8810.500096 17.9999744 12.9999872
1 12765.000192 8824.0 14.0000256 12.0
1 12764.000256 8812.499968 14.0000256 11.0000128
1 12723.500032 8711.0000128 43.0000128 14.0000256
1 12767.499776 8836.499968 12.9999872 11.0000128
1 12784.999936 8797.499904 17.9999744 16.9999872
1 12742.000128 8792.999936 22.0000256 16.0
1 12791.499776 8859.500032 16.9999872 15.0000128
1 12743.499776 8841.999872 20.9999872 17.9999744
1 12753.999872 8893.499904 25.9999744 20.9999872
1 12750.49984 8867.500032 24.9999872 20.9999872
1 12729.50016 8744.9999872 40.9999872 36.0
1 12740.499968 8820.499968 19.0000128 16.9999872
3 1758.000128 6247.000064 28.0 22.0000256
3 1765.499904 6237.000192 47.0000128 46.0000256
1 11240.999936 8344.0 44.0 36.0
1 11208.0 8284.000256 24.0 25.9999744
1 11131.500032 8200.9999872 51.0000128 17.9999744
1 11153.999872 8346.999808 32.0 28.0
1 11145.999872 8308.499968 60.000256 40.9999872
1 11196.499968 8353.999872 32.9999872 33.9999744
1 11150.000128 8387.500032 28.0 27.0000128
1 6781.499904 6056.999936 12.9999872 9.9999744
1 6784.999936 6069.000192 14.0000256 14.0000256
1 6772.499968 6081.50016 12.9999872 11.0000128
1 6791.499776 6097.50016 11.0000128 11.0000128
3 6694.0000256 5734.000128 76.000256 44.0
1 6760.500224 5652.9999872 35.0000128 33.9999744
1 6773.000192 6101.499904 16.0 12.9999872
1 6768.0 6131.500032 14.0000256 16.9999872
1 6700.5000192 5670.4999936 79.000064 39.0000128
3 7150.49984 6120.500224 35.0000128 47.0000128
1 12189.499904 12604.000256 12.9999872 16.0
1 12173.000192 12602.500096 17.9999744 19.0000128
1 12196.499968 12405.000192 24.9999872 22.0000256
1 12123.500032 12616.0 36.9999872 25.9999744
1 5357.000192 12315.0000128 30.0000256 22.0000256
1 5412.499968 12354.999808 12.9999872 14.0000256
1 5450.999808 12360.500224 51.999744 43.0000128
1 5350.49984 12793.999872 20.9999872 12.0
1 5146.4999936 12326.4999936 28.9999872 27.0000128
1 5396.499968 12454.49984 20.9999872 20.9999872
1 5296.500224 12779.500032 23.0000128 20.9999872
1 5142.0000256 12696.0 32.0 25.9999744
1 5415.000064 12422.49984 22.0000256 19.0000128
1 5385.999872 12415.499776 16.0 16.9999872
1 5359.499776 12415.499776 28.9999872 24.9999872
1 5413.499904 12391.499776 20.9999872 19.0000128
1 5252.499968 12400.999936 19.0000128 17.9999744
1 5229.499904 12328.0 32.9999872 28.0
1 5152.5000192 12454.49984 32.9999872 27.0000128
1 5151.0000128 12778.500096 62.000128 43.0000128
1 5235.999744 12454.000128 32.0 25.9999744
1 5193.50016 12394.999808 40.9999872 28.0
1 14094.49984 5652.5000192 31.0000128 31.0000128
1 14110.49984 6016.0 82.999808 70.000128
1 13902.49984 5736.500224 47.0000128 24.9999872
1 14253.499904 5798.49984 32.9999872 24.9999872
1 14291.999744 5830.49984 33.9999744 31.0000128
1 14010.999808 5841.999872 51.999744 46.0000256
1 14180.499968 5640.5000192 53.000192 16.9999872
1 14124.000256 5740.000256 17.9999744 14.0000256
1 14093.000192 5683.999744 30.0000256 22.0000256
1 14088.0 5756.499968 28.0 23.0000128
1 13945.50016 5684.499968 39.0000128 44.9999872
1 14184.500224 5909.000192 43.0000128 30.0000256
1 14312.0 5897.50016 30.0000256 35.0000128
1 14196.499968 5967.499776 36.9999872 31.0000128
1 13841.5000064 5982.000128 20.9999872 30.0000256
1 14008.0 5795.999744 36.0 28.0
1 14038.000128 5983.000064 24.0 28.0
1 14158.49984 5825.50016 119.000064 109.000192
3 14187.500032 6089.50016 80.999936 53.000192
1 14223.499776 5644.5000192 27.0000128 23.0000128
1 14057.50016 5664.0 24.9999872 25.9999744
1 14216.0 5716.499968 44.0 35.0000128
1 13928.999936 5782.49984 38.0000256 32.9999872
1 14126.000128 5725.000192 16.0 16.0
1 14094.49984 6106.500096 48.9999872 53.000192
1 13969.999872 5782.49984 25.9999744 23.0000128
1 14227.500032 5759.499776 36.9999872 43.0000128
1 14224.0 5673.5000064 33.9999744 28.9999872
1 14022.49984 5672.0 32.9999872 30.0000256
1 13986.500096 5672.0 35.0000128 33.9999744
1 11900.499968 5752.500224 16.9999872 15.0000128
1 11917.499904 6014.49984 28.9999872 23.0000128
1 11953.50016 5776.999936 16.9999872 16.0
1 12091.500032 6077.499904 23.0000128 23.0000128
1 12104.500224 6135.499776 48.9999872 16.9999872
1 11984.999936 6073.999872 78.000128 67.999744
1 12205.499904 6138.500096 16.9999872 11.0000128
1 11975.499776 5958.000128 20.9999872 17.9999744
1 11990.000128 6072.0 163.999744 97.999872
1 11966.000128 5856.0 16.0 16.0
1 12156.000256 6129.50016 24.0 20.9999872
1 11920.999936 5990.49984 17.9999744 15.0000128
1 11962.999808 6018.500096 24.0 23.0000128
1 11968.999936 5987.500032 22.0000256 23.0000128
1 11984.999936 6011.500032 17.9999744 19.0000128
1 11994.999808 5991.499776 17.9999744 19.0000128
1 12024.999936 5999.000064 25.9999744 25.9999744
1 12002.500096 5966.49984 24.9999872 24.9999872
1 2247.000064 4120.9999872 60.000256 48.0
5 2238.49984 4442.999808 35.0000128 20.0
1 2068.5000192 4187.500032 40.9999872 32.9999872
3 2423.499776 4318.000128 32.9999872 131.999744
3 2109.000192 4327.499776 121.999872 223.000064
3 2206.49984 4320.0 290.999808 216.0
3 2430.000128 4296.999936 113.999872 166.000128
5 2425.999872 4262.000128 25.9999744 24.0
5 2127.499776 4592.999936 31.0000128 30.0000256
1 16137.000192 11300.9999872 38.0000256 38.0000256
1 7971.999744 9979.500032 20.0 15.0000128
1 7968.999936 10009.50016 38.0000256 23.0000128
1 7937.50016 9982.000128 28.9999872 24.0
1 13832.0 6718.49984 16.0 61.000192
1 14048.999936 6681.5000064 89.999872 51.0000128
1 13856.0 6717.499904 64.0 44.9999872
1 13863.4999808 6672.5000192 69.000192 32.9999872
1 13868.5000192 6713.50016 35.0000128 31.0000128
1 9649.50016 1149.000192 27.0000128 22.0000256
1 9651.500032 1130.999808 47.0000128 62.000128
1 7907.500032 10466.999808 8.9999872 12.0
1 7897.50016 10468.499968 16.9999872 12.9999872
1 8129.999872 10601.50016 22.0000256 19.0000128
1 7962.500096 10464.999936 12.9999872 12.0
1 7878.49984 10467.500032 15.0000128 15.0000128
1 7937.50016 10471.000064 31.0000128 22.0000256
1 6423.499776 4261.499904 19.0000128 24.9999872
1 6584.500224 4585.999872 24.9999872 30.0000256
1 6585.999872 4597.499904 24.0 20.9999872
1 6408.500224 4487.499776 53.000192 74.999808
1 6429.000192 4549.000192 40.0 30.0000256
1 6583.499776 4563.500032 23.0000128 19.0000128
1 6433.999872 4581.499904 30.0000256 27.0000128
1 6613.499904 4483.999744 56.999936 56.0
1 9803.500032 11888.0 69.000192 64.0
1 9799.499776 11989.499904 77.000192 74.999808
1 9841.50016 11992.999936 176.999936 94.000128
0 9840.999936 12191.499776 225.999872 191.000064
3 10090.500096 11884.000256 295.000064 216.0
